0.000000000000000000e+00,9.642004013061523438e+00,2.749850034713745117e+00,1.413066196441650391e+01,3.299553394317626953e+00,0.000000000000000000e+00,0.000000000000000000e+00,1.243774443864822388e-01,7.553467750549316406e-01,2.661612033843994141e+00,4.587496221065521240e-01,0.000000000000000000e+00,1.773239970207214355e-01,0.000000000000000000e+00,4.017379283905029297e+00,5.556141853332519531e+00,0.000000000000000000e+00,3.641612291336059570e+00,0.000000000000000000e+00,1.083863353729248047e+01,6.247450828552246094e+00,0.000000000000000000e+00,0.000000000000000000e+00,2.754166364669799805e+00,0.000000000000000000e+00,0.000000000000000000e+00,1.195897293090820312e+01,1.752518773078918457e+00,6.987043023109436035e-01,0.000000000000000000e+00,1.216540813446044922e+01,1.158560752868652344e+00
0.000000000000000000e+00,8.864507675170898438e+00,2.666421890258789062e+00,1.384422111511230469e+01,3.453389167785644531e+00,0.000000000000000000e+00,0.000000000000000000e+00,2.195700109004974365e-01,8.240562081336975098e-01,2.571495771408081055e+00,7.265178561210632324e-01,0.000000000000000000e+00,1.140073418617248535e+00,0.000000000000000000e+00,3.813518047332763672e+00,4.120115280151367188e+00,0.000000000000000000e+00,3.577546834945678711e+00,0.000000000000000000e+00,1.055196285247802734e+01,6.948864459991455078e+00,0.000000000000000000e+00,0.000000000000000000e+00,2.702906131744384766e+00,0.000000000000000000e+00,0.000000000000000000e+00,1.218915081024169922e+01,1.895357370376586914e+00,1.242001771926879883e+00,0.000000000000000000e+00,1.331544685363769531e+01,3.229804754257202148e+00
0.000000000000000000e+00,9.248457908630371094e+00,3.029929161071777344e+00,1.459631061553955078e+01,3.652517080307006836e+00,0.000000000000000000e+00,0.000000000000000000e+00,2.006462588906288147e-02,6.408494114875793457e-01,2.929023027420043945e+00,1.586139678955078125e+00,0.000000000000000000e+00,9.348838329315185547e-01,0.000000000000000000e+00,4.195708274841308594e+00,5.592015266418457031e+00,0.000000000000000000e+00,4.047109127044677734e+00,0.000000000000000000e+00,1.172374248504638672e+01,7.794588088989257812e+00,0.000000000000000000e+00,0.000000000000000000e+00,3.135768413543701172e+00,0.000000000000000000e+00,0.000000000000000000e+00,1.254199600219726562e+01,1.920095443725585938e+00,1.301304221153259277e+00,0.000000000000000000e+00,1.439289569854736328e+01,2.707641124725341797e+00
0.000000000000000000e+00,1.021363925933837891e+01,2.976005792617797852e+00,1.482692909240722656e+01,4.203487873077392578e+00,0.000000000000000000e+00,0.000000000000000000e+00,7.195591926574707031e-02,7.959846854209899902e-01,2.885968208312988281e+00,0.000000000000000000e+00,0.000000000000000000e+00,0.000000000000000000e+00,0.000000000000000000e+00,5.071610450744628906e+00,6.948299407958984375e+00,0.000000000000000000e+00,3.962155818939208984e+00,0.000000000000000000e+00,1.044270515441894531e+01,5.981317996978759766e+00,0.000000000000000000e+00,0.000000000000000000e+00,3.080163955688476562e+00,0.000000000000000000e+00,0.000000000000000000e+00,1.314498901367187500e+01,0.000000000000000000e+00,0.000000000000000000e+00,0.000000000000000000e+00,1.357438373565673828e+01,2.125673294067382812e+00
0.000000000000000000e+00,9.503789901733398438e+00,2.929020166397094727e+00,1.547596263885498047e+01,3.999740839004516602e+00,0.000000000000000000e+00,0.000000000000000000e+00,1.498718261718750000e-01,7.889091372489929199e-01,2.817467451095581055e+00,5.486778169870376587e-02,0.000000000000000000e+00,0.000000000000000000e+00,0.000000000000000000e+00,4.878849506378173828e+00,7.290850639343261719e+00,0.000000000000000000e+00,3.880897521972656250e+00,0.000000000000000000e+00,1.138607311248779297e+01,6.783041954040527344e+00,0.000000000000000000e+00,0.000000000000000000e+00,2.932979345321655273e+00,0.000000000000000000e+00,0.000000000000000000e+00,1.316036891937255859e+01,5.335702896118164062e-01,0.000000000000000000e+00,0.000000000000000000e+00,1.313316917419433594e+01,8.792856335639953613e-01
0.000000000000000000e+00,7.756325244903564453e+00,1.997611880302429199e+00,1.314009571075439453e+01,7.071308493614196777e-01,0.000000000000000000e+00,0.000000000000000000e+00,1.031880259513854980e+00,1.598249912261962891e+00,1.882599353790283203e+00,2.438308954238891602e+00,0.000000000000000000e+00,2.738263607025146484e+00,0.000000000000000000e+00,3.403027772903442383e+00,2.843430042266845703e+00,0.000000000000000000e+00,2.911679744720458984e+00,0.000000000000000000e+00,1.199964618682861328e+01,8.423010826110839844e+00,0.000000000000000000e+00,0.000000000000000000e+00,2.012673139572143555e+00,0.000000000000000000e+00,0.000000000000000000e+00,1.139972019195556641e+01,4.166235923767089844e+00,2.710515260696411133e+00,0.000000000000000000e+00,1.465559959411621094e+01,4.990309238433837891e+00
0.000000000000000000e+00,9.322245597839355469e+00,2.571481943130493164e+00,1.462743663787841797e+01,3.834306240081787109e+00,0.000000000000000000e+00,0.000000000000000000e+00,3.068265616893768311e-01,9.375008940696716309e-01,2.466418504714965820e+00,0.000000000000000000e+00,0.000000000000000000e+00,0.000000000000000000e+00,0.000000000000000000e+00,4.815655708312988281e+00,6.792549133300781250e+00,0.000000000000000000e+00,3.435724973678588867e+00,0.000000000000000000e+00,1.026034641265869141e+01,5.898808956146240234e+00,0.000000000000000000e+00,0.000000000000000000e+00,2.532476663589477539e+00,0.000000000000000000e+00,0.000000000000000000e+00,1.211125278472900391e+01,1.243964955210685730e-01,0.000000000000000000e+00,0.000000000000000000e+00,1.221452713012695312e+01,8.364062905311584473e-01
0.000000000000000000e+00,1.012071800231933594e+01,3.090621232986450195e+00,1.555978488922119141e+01,4.304153919219970703e+00,0.000000000000000000e+00,0.000000000000000000e+00,5.867904797196388245e-02,7.731326818466186523e-01,2.983805894851684570e+00,0.000000000000000000e+00,0.000000000000000000e+00,0.000000000000000000e+00,0.000000000000000000e+00,5.177292346954345703e+00,7.755641460418701172e+00,0.000000000000000000e+00,4.079478740692138672e+00,0.000000000000000000e+00,1.086220741271972656e+01,6.063024044036865234e+00,0.000000000000000000e+00,0.000000000000000000e+00,3.162545442581176758e+00,0.000000000000000000e+00,0.000000000000000000e+00,1.402603530883789062e+01,0.000000000000000000e+00,0.000000000000000000e+00,0.000000000000000000e+00,1.342665481567382812e+01,1.449730873107910156e+00
0.000000000000000000e+00,1.039222621917724609e+01,2.940386533737182617e+00,1.559826564788818359e+01,5.192098140716552734e+00,0.000000000000000000e+00,0.000000000000000000e+00,0.000000000000000000e+00,6.878635883331298828e-01,2.828464984893798828e+00,0.000000000000000000e+00,0.000000000000000000e+00,0.000000000000000000e+00,0.000000000000000000e+00,5.086268901824951172e+00,7.184412956237792969e+00,0.000000000000000000e+00,3.875864744186401367e+00,0.000000000000000000e+00,1.049963569641113281e+01,6.199603557586669922e+00,0.000000000000000000e+00,0.000000000000000000e+00,2.951742172241210938e+00,0.000000000000000000e+00,0.000000000000000000e+00,1.288267803192138672e+01,0.000000000000000000e+00,0.000000000000000000e+00,0.000000000000000000e+00,1.315444183349609375e+01,6.712214350700378418e-01
0.000000000000000000e+00,1.078041648864746094e+01,3.004578113555908203e+00,1.484338188171386719e+01,4.113572597503662109e+00,0.000000000000000000e+00,0.000000000000000000e+00,0.000000000000000000e+00,7.264229655265808105e-01,2.929381608963012695e+00,7.542264461517333984e-01,0.000000000000000000e+00,4.589559733867645264e-01,0.000000000000000000e+00,4.032791137695312500e+00,5.923309326171875000e+00,0.000000000000000000e+00,3.940812587738037109e+00,0.000000000000000000e+00,1.100079441070556641e+01,6.877693176269531250e+00,0.000000000000000000e+00,0.000000000000000000e+00,3.066978931427001953e+00,0.000000000000000000e+00,0.000000000000000000e+00,1.255253124237060547e+01,1.988497972488403320e+00,6.545719504356384277e-01,0.000000000000000000e+00,1.381971359252929688e+01,1.570661187171936035e+00
0.000000000000000000e+00,8.901500701904296875e+00,2.756185293197631836e+00,1.379623031616210938e+01,3.345712900161743164e+00,0.000000000000000000e+00,0.000000000000000000e+00,9.834796190261840820e-02,6.745794415473937988e-01,2.648345708847045898e+00,8.150321245193481445e-01,0.000000000000000000e+00,1.069281697273254395e+00,0.000000000000000000e+00,4.041668415069580078e+00,4.153283119201660156e+00,0.000000000000000000e+00,3.708950757980346680e+00,0.000000000000000000e+00,1.034057712554931641e+01,6.886992454528808594e+00,0.000000000000000000e+00,0.000000000000000000e+00,2.855745077133178711e+00,0.000000000000000000e+00,0.000000000000000000e+00,1.177164745330810547e+01,2.223697900772094727e+00,1.191837310791015625e+00,0.000000000000000000e+00,1.349534797668457031e+01,3.375524044036865234e+00
0.000000000000000000e+00,1.004826927185058594e+01,2.753921270370483398e+00,1.517160892486572266e+01,4.004024982452392578e+00,0.000000000000000000e+00,0.000000000000000000e+00,3.573724925518035889e-01,1.077892184257507324e+00,2.659247636795043945e+00,0.000000000000000000e+00,0.000000000000000000e+00,6.546768546104431152e-02,0.000000000000000000e+00,4.955186843872070312e+00,7.548416137695312500e+00,0.000000000000000000e+00,3.679727315902709961e+00,0.000000000000000000e+00,1.091084384918212891e+01,6.276576519012451172e+00,0.000000000000000000e+00,0.000000000000000000e+00,2.774276971817016602e+00,0.000000000000000000e+00,0.000000000000000000e+00,1.313534259796142578e+01,5.047282576560974121e-01,0.000000000000000000e+00,0.000000000000000000e+00,1.365816593170166016e+01,1.151762247085571289e+00
0.000000000000000000e+00,9.692466735839843750e+00,2.601849794387817383e+00,1.490619659423828125e+01,3.561318635940551758e+00,0.000000000000000000e+00,0.000000000000000000e+00,3.703655302524566650e-01,9.797260165214538574e-01,2.514841794967651367e+00,8.080799579620361328e-01,0.000000000000000000e+00,6.955254077911376953e-01,0.000000000000000000e+00,4.231639385223388672e+00,4.897647857666015625e+00,0.000000000000000000e+00,3.539026975631713867e+00,0.000000000000000000e+00,1.131636714935302734e+01,7.384054183959960938e+00,0.000000000000000000e+00,0.000000000000000000e+00,2.640374183654785156e+00,0.000000000000000000e+00,0.000000000000000000e+00,1.192837142944335938e+01,2.087902784347534180e+00,9.251187443733215332e-01,0.000000000000000000e+00,1.388932418823242188e+01,2.352473497390747070e+00
0.000000000000000000e+00,6.608686923980712891e+00,1.658990383148193359e+00,1.215726757049560547e+01,2.505627274513244629e-01,0.000000000000000000e+00,0.000000000000000000e+00,1.313697934150695801e+00,1.844698071479797363e+00,1.603303551673889160e+00,4.105081558227539062e+00,0.000000000000000000e+00,2.997889518737792969e+00,0.000000000000000000e+00,2.528486728668212891e+00,2.137710332870483398e+00,0.000000000000000000e+00,2.540625095367431641e+00,0.000000000000000000e+00,1.269213294982910156e+01,9.866770744323730469e+00,0.000000000000000000e+00,0.000000000000000000e+00,1.674456834793090820e+00,0.000000000000000000e+00,0.000000000000000000e+00,1.006790828704833984e+01,5.225176811218261719e+00,4.334949970245361328e+00,0.000000000000000000e+00,1.505747795104980469e+01,5.256443023681640625e+00
0.000000000000000000e+00,9.213899612426757812e+00,2.496043443679809570e+00,1.365382099151611328e+01,3.991275072097778320e+00,0.000000000000000000e+00,0.000000000000000000e+00,1.793194115161895752e-01,7.735590338706970215e-01,2.388206243515014648e+00,0.000000000000000000e+00,0.000000000000000000e+00,3.458010554313659668e-01,0.000000000000000000e+00,3.632314443588256836e+00,4.394224166870117188e+00,0.000000000000000000e+00,3.334727525711059570e+00,0.000000000000000000e+00,1.028868103027343750e+01,6.411046504974365234e+00,0.000000000000000000e+00,0.000000000000000000e+00,2.502066373825073242e+00,0.000000000000000000e+00,0.000000000000000000e+00,1.099312877655029297e+01,6.104527711868286133e-01,0.000000000000000000e+00,0.000000000000000000e+00,1.257198143005371094e+01,1.710332155227661133e+00
0.000000000000000000e+00,9.726924896240234375e+00,2.705536603927612305e+00,1.477456951141357422e+01,3.237362623214721680e+00,0.000000000000000000e+00,0.000000000000000000e+00,4.011811316013336182e-01,1.080149054527282715e+00,2.608775377273559570e+00,0.000000000000000000e+00,0.000000000000000000e+00,0.000000000000000000e+00,0.000000000000000000e+00,4.691547393798828125e+00,7.970502853393554688e+00,0.000000000000000000e+00,3.597626924514770508e+00,0.000000000000000000e+00,1.132018566131591797e+01,5.888671398162841797e+00,0.000000000000000000e+00,0.000000000000000000e+00,2.706862688064575195e+00,0.000000000000000000e+00,0.000000000000000000e+00,1.308078002929687500e+01,6.999221444129943848e-01,0.000000000000000000e+00,0.000000000000000000e+00,1.224450683593750000e+01,2.635455690324306488e-03
0.000000000000000000e+00,1.012713146209716797e+01,2.524114131927490234e+00,1.426321506500244141e+01,2.961458683013916016e+00,0.000000000000000000e+00,0.000000000000000000e+00,4.774959981441497803e-01,1.141065239906311035e+00,2.438563823699951172e+00,2.095764428377151489e-01,0.000000000000000000e+00,1.216201424598693848e+00,0.000000000000000000e+00,3.783531188964843750e+00,4.431851863861083984e+00,0.000000000000000000e+00,3.432226181030273438e+00,0.000000000000000000e+00,1.140284252166748047e+01,7.051666259765625000e+00,0.000000000000000000e+00,0.000000000000000000e+00,2.600087881088256836e+00,0.000000000000000000e+00,0.000000000000000000e+00,1.159807205200195312e+01,2.631091356277465820e+00,1.382711529731750488e+00,0.000000000000000000e+00,1.430906486511230469e+01,2.903118371963500977e+00
0.000000000000000000e+00,6.746056556701660156e+00,1.431974411010742188e+00,1.224435329437255859e+01,7.688153386116027832e-01,0.000000000000000000e+00,0.000000000000000000e+00,1.498434662818908691e+00,2.066038608551025391e+00,1.379018306732177734e+00,3.195993900299072266e+00,0.000000000000000000e+00,3.444460868835449219e+00,0.000000000000000000e+00,2.526372909545898438e+00,1.826941013336181641e+00,0.000000000000000000e+00,2.310514211654663086e+00,0.000000000000000000e+00,1.259878921508789062e+01,9.801148414611816406e+00,0.000000000000000000e+00,0.000000000000000000e+00,1.439504504203796387e+00,0.000000000000000000e+00,0.000000000000000000e+00,1.011825847625732422e+01,4.116867542266845703e+00,4.393057823181152344e+00,0.000000000000000000e+00,1.551718235015869141e+01,5.696091651916503906e+00
0.000000000000000000e+00,1.000688457489013672e+01,2.635869264602661133e+00,1.545711994171142578e+01,3.997293233871459961e+00,0.000000000000000000e+00,0.000000000000000000e+00,5.009724497795104980e-01,1.196397185325622559e+00,2.536457061767578125e+00,0.000000000000000000e+00,0.000000000000000000e+00,3.134405910968780518e-01,0.000000000000000000e+00,4.756369590759277344e+00,7.157582283020019531e+00,0.000000000000000000e+00,3.576495885848999023e+00,0.000000000000000000e+00,1.176225376129150391e+01,7.505259990692138672e+00,0.000000000000000000e+00,0.000000000000000000e+00,2.649461746215820312e+00,0.000000000000000000e+00,0.000000000000000000e+00,1.296466636657714844e+01,4.234388470649719238e-01,0.000000000000000000e+00,0.000000000000000000e+00,1.431299781799316406e+01,1.085907101631164551e+00
0.000000000000000000e+00,8.410257339477539062e+00,2.547229528427124023e+00,1.377876949310302734e+01,2.837535142898559570e+00,0.000000000000000000e+00,0.000000000000000000e+00,3.647061586380004883e-01,1.020206809043884277e+00,2.463980674743652344e+00,8.236436247825622559e-01,0.000000000000000000e+00,7.793923616409301758e-01,0.000000000000000000e+00,3.492509365081787109e+00,4.376550674438476562e+00,0.000000000000000000e+00,3.427714586257934570e+00,0.000000000000000000e+00,1.161869716644287109e+01,6.403174877166748047e+00,0.000000000000000000e+00,0.000000000000000000e+00,2.706962823867797852e+00,0.000000000000000000e+00,0.000000000000000000e+00,1.093509006500244141e+01,2.874244928359985352e+00,1.730028033256530762e+00,0.000000000000000000e+00,1.471859169006347656e+01,2.851222753524780273e+00
0.000000000000000000e+00,7.052803039550781250e+00,1.755882263183593750e+00,1.323435306549072266e+01,1.284694671630859375e+00,0.000000000000000000e+00,0.000000000000000000e+00,1.215194344520568848e+00,1.763391256332397461e+00,1.683693289756774902e+00,2.422250270843505859e+00,0.000000000000000000e+00,2.434692859649658203e+00,0.000000000000000000e+00,2.757817268371582031e+00,2.402765512466430664e+00,0.000000000000000000e+00,2.653650522232055664e+00,0.000000000000000000e+00,1.301187038421630859e+01,9.822857856750488281e+00,0.000000000000000000e+00,0.000000000000000000e+00,1.745669245719909668e+00,0.000000000000000000e+00,0.000000000000000000e+00,1.050871467590332031e+01,4.141475200653076172e+00,3.702405214309692383e+00,0.000000000000000000e+00,1.512208175659179688e+01,4.740838527679443359e+00
0.000000000000000000e+00,8.752996444702148438e+00,2.079376220703125000e+00,1.330922031402587891e+01,2.338349819183349609e+00,0.000000000000000000e+00,0.000000000000000000e+00,9.539227485656738281e-01,1.531898975372314453e+00,1.978419899940490723e+00,1.277408957481384277e+00,0.000000000000000000e+00,2.304924488067626953e+00,0.000000000000000000e+00,3.408482789993286133e+00,2.843441247940063477e+00,0.000000000000000000e+00,3.005157232284545898e+00,0.000000000000000000e+00,1.208962440490722656e+01,8.514172554016113281e+00,0.000000000000000000e+00,0.000000000000000000e+00,2.162678480148315430e+00,0.000000000000000000e+00,0.000000000000000000e+00,1.129774379730224609e+01,3.410878419876098633e+00,2.047034502029418945e+00,0.000000000000000000e+00,1.508566284179687500e+01,4.718814849853515625e+00
0.000000000000000000e+00,6.828538894653320312e+00,1.677268981933593750e+00,1.277371311187744141e+01,0.000000000000000000e+00,0.000000000000000000e+00,0.000000000000000000e+00,1.335521578788757324e+00,1.890348076820373535e+00,1.591209530830383301e+00,3.044968605041503906e+00,0.000000000000000000e+00,3.392064571380615234e+00,0.000000000000000000e+00,2.754720926284790039e+00,1.786546468734741211e+00,0.000000000000000000e+00,2.590856790542602539e+00,0.000000000000000000e+00,1.332352542877197266e+01,9.857423782348632812e+00,0.000000000000000000e+00,0.000000000000000000e+00,1.669603109359741211e+00,0.000000000000000000e+00,0.000000000000000000e+00,1.086887931823730469e+01,4.255842685699462891e+00,5.093869686126708984e+00,0.000000000000000000e+00,1.469105911254882812e+01,5.814718723297119141e+00
0.000000000000000000e+00,1.060199928283691406e+01,2.863567113876342773e+00,1.589749622344970703e+01,4.541867256164550781e+00,0.000000000000000000e+00,0.000000000000000000e+00,3.112829327583312988e-01,1.063231348991394043e+00,2.751018524169921875e+00,4.310182482004165649e-02,0.000000000000000000e+00,1.564085483551025391e-02,0.000000000000000000e+00,5.314453125000000000e+00,6.728724956512451172e+00,0.000000000000000000e+00,3.845116138458251953e+00,0.000000000000000000e+00,1.114211654663085938e+01,7.029344081878662109e+00,0.000000000000000000e+00,0.000000000000000000e+00,2.915293931961059570e+00,0.000000000000000000e+00,0.000000000000000000e+00,1.324637985229492188e+01,2.147055268287658691e-01,0.000000000000000000e+00,0.000000000000000000e+00,1.470786285400390625e+01,2.066675901412963867e+00
0.000000000000000000e+00,7.436233520507812500e+00,1.868806362152099609e+00,1.260040378570556641e+01,1.145082235336303711e+00,0.000000000000000000e+00,0.000000000000000000e+00,9.889724254608154297e-01,1.534958958625793457e+00,1.757748126983642578e+00,1.602418422698974609e+00,0.000000000000000000e+00,2.576291084289550781e+00,0.000000000000000000e+00,3.156098127365112305e+00,2.151008129119873047e+00,0.000000000000000000e+00,2.751605987548828125e+00,0.000000000000000000e+00,1.142374897003173828e+01,8.069087982177734375e+00,0.000000000000000000e+00,0.000000000000000000e+00,1.916776299476623535e+00,0.000000000000000000e+00,0.000000000000000000e+00,1.043301868438720703e+01,3.645582437515258789e+00,2.872190475463867188e+00,0.000000000000000000e+00,1.451638221740722656e+01,5.137543678283691406e+00
0.000000000000000000e+00,6.913250923156738281e+00,1.840312004089355469e+00,1.255438899993896484e+01,0.000000000000000000e+00,0.000000000000000000e+00,0.000000000000000000e+00,1.291869759559631348e+00,1.861097335815429688e+00,1.788018465042114258e+00,4.997884750366210938e+00,0.000000000000000000e+00,3.108853340148925781e+00,0.000000000000000000e+00,2.618416547775268555e+00,2.995593547821044922e+00,0.000000000000000000e+00,2.764012575149536133e+00,0.000000000000000000e+00,1.371419334411621094e+01,1.074645328521728516e+01,0.000000000000000000e+00,0.000000000000000000e+00,1.859641432762145996e+00,0.000000000000000000e+00,0.000000000000000000e+00,1.049337482452392578e+01,4.962318420410156250e+00,4.726847648620605469e+00,0.000000000000000000e+00,1.604496574401855469e+01,5.233853816986083984e+00
0.000000000000000000e+00,8.208746910095214844e+00,2.337098121643066406e+00,1.295971775054931641e+01,2.367188692092895508e+00,0.000000000000000000e+00,0.000000000000000000e+00,4.006782174110412598e-01,1.056010723114013672e+00,2.237589359283447266e+00,9.523331522941589355e-01,0.000000000000000000e+00,5.352163314819335938e-01,0.000000000000000000e+00,3.872795104980468750e+00,5.440108299255371094e+00,0.000000000000000000e+00,3.161048889160156250e+00,0.000000000000000000e+00,1.130239105224609375e+01,5.760321140289306641e+00,0.000000000000000000e+00,0.000000000000000000e+00,2.455122947692871094e+00,0.000000000000000000e+00,0.000000000000000000e+00,1.034688854217529297e+01,8.328930139541625977e-01,1.002471923828125000e+00,0.000000000000000000e+00,1.304601669311523438e+01,1.674695134162902832e+00
0.000000000000000000e+00,8.470269203186035156e+00,1.864082574844360352e+00,1.310741615295410156e+01,1.893411874771118164e+00,0.000000000000000000e+00,0.000000000000000000e+00,1.145926117897033691e+00,1.781155824661254883e+00,1.786858320236206055e+00,1.793211817741394043e+00,0.000000000000000000e+00,2.860300540924072266e+00,0.000000000000000000e+00,3.138600587844848633e+00,3.205996751785278320e+00,0.000000000000000000e+00,2.743977308273315430e+00,0.000000000000000000e+00,1.200513458251953125e+01,8.600095748901367188e+00,0.000000000000000000e+00,0.000000000000000000e+00,1.907292842864990234e+00,0.000000000000000000e+00,0.000000000000000000e+00,1.105928134918212891e+01,3.685561895370483398e+00,2.395025491714477539e+00,0.000000000000000000e+00,1.559400749206542969e+01,4.573846340179443359e+00
0.000000000000000000e+00,9.803393363952636719e+00,3.031538486480712891e+00,1.432473087310791016e+01,3.853965759277343750e+00,0.000000000000000000e+00,0.000000000000000000e+00,0.000000000000000000e+00,5.786926746368408203e-01,2.960642099380493164e+00,1.030412539839744568e-01,0.000000000000000000e+00,0.000000000000000000e+00,0.000000000000000000e+00,4.022592067718505859e+00,6.715565204620361328e+00,0.000000000000000000e+00,3.919149637222290039e+00,0.000000000000000000e+00,1.129488086700439453e+01,5.332747936248779297e+00,0.000000000000000000e+00,0.000000000000000000e+00,3.202294111251831055e+00,0.000000000000000000e+00,0.000000000000000000e+00,1.139853000640869141e+01,1.177478075027465820e+00,8.562031984329223633e-01,0.000000000000000000e+00,1.367921066284179688e+01,7.022157907485961914e-01
0.000000000000000000e+00,7.712840080261230469e+00,2.109180688858032227e+00,1.377237796783447266e+01,1.619685411453247070e+00,0.000000000000000000e+00,0.000000000000000000e+00,9.560875892639160156e-01,1.535151720046997070e+00,2.029202222824096680e+00,2.904741764068603516e+00,0.000000000000000000e+00,2.498648166656494141e+00,0.000000000000000000e+00,3.213239192962646484e+00,2.601661205291748047e+00,0.000000000000000000e+00,3.079807519912719727e+00,0.000000000000000000e+00,1.275520229339599609e+01,9.732803344726562500e+00,0.000000000000000000e+00,0.000000000000000000e+00,2.172098636627197266e+00,0.000000000000000000e+00,0.000000000000000000e+00,1.132031345367431641e+01,4.486428260803222656e+00,3.820253610610961914e+00,0.000000000000000000e+00,1.539571094512939453e+01,5.229726791381835938e+00
0.000000000000000000e+00,8.120080947875976562e+00,1.911799788475036621e+00,1.375885295867919922e+01,1.230964660644531250e+00,0.000000000000000000e+00,0.000000000000000000e+00,1.114488005638122559e+00,1.751120686531066895e+00,1.836814045906066895e+00,3.143975734710693359e+00,0.000000000000000000e+00,2.081833839416503906e+00,0.000000000000000000e+00,3.114451646804809570e+00,3.150669574737548828e+00,0.000000000000000000e+00,2.777621984481811523e+00,0.000000000000000000e+00,1.264324569702148438e+01,8.076207160949707031e+00,0.000000000000000000e+00,0.000000000000000000e+00,1.985870242118835449e+00,0.000000000000000000e+00,0.000000000000000000e+00,1.033822727203369141e+01,4.326843261718750000e+00,2.640001773834228516e+00,0.000000000000000000e+00,1.555265808105468750e+01,3.883341789245605469e+00
0.000000000000000000e+00,7.495192527770996094e+00,2.048948526382446289e+00,1.311467456817626953e+01,1.932824254035949707e+00,0.000000000000000000e+00,0.000000000000000000e+00,9.430596232414245605e-01,1.529637932777404785e+00,1.988659143447875977e+00,2.762320518493652344e+00,0.000000000000000000e+00,2.496352672576904297e+00,0.000000000000000000e+00,2.737629175186157227e+00,2.767059087753295898e+00,0.000000000000000000e+00,2.983706474304199219e+00,0.000000000000000000e+00,1.268518543243408203e+01,9.665863990783691406e+00,0.000000000000000000e+00,0.000000000000000000e+00,2.115898370742797852e+00,0.000000000000000000e+00,0.000000000000000000e+00,1.140411090850830078e+01,3.875758409500122070e+00,3.958970308303833008e+00,0.000000000000000000e+00,1.484050750732421875e+01,4.961465358734130859e+00
0.000000000000000000e+00,9.646414756774902344e+00,2.531305074691772461e+00,1.458128166198730469e+01,3.624675989151000977e+00,0.000000000000000000e+00,0.000000000000000000e+00,3.975327312946319580e-01,1.048766016960144043e+00,2.427000045776367188e+00,9.728406071662902832e-01,0.000000000000000000e+00,1.361814379692077637e+00,0.000000000000000000e+00,3.915082931518554688e+00,4.019453048706054688e+00,0.000000000000000000e+00,3.465692281723022461e+00,0.000000000000000000e+00,1.115159893035888672e+01,8.122211456298828125e+00,0.000000000000000000e+00,0.000000000000000000e+00,2.560544729232788086e+00,0.000000000000000000e+00,0.000000000000000000e+00,1.172653579711914062e+01,1.857751846313476562e+00,1.090184807777404785e+00,0.000000000000000000e+00,1.469569587707519531e+01,3.224164962768554688e+00
0.000000000000000000e+00,8.525842666625976562e+00,2.086083173751831055e+00,1.311302280426025391e+01,1.199021339416503906e+00,0.000000000000000000e+00,0.000000000000000000e+00,8.594868183135986328e-01,1.528160214424133301e+00,2.015865325927734375e+00,2.774966716766357422e+00,0.000000000000000000e+00,1.868132948875427246e+00,0.000000000000000000e+00,3.086884260177612305e+00,3.784480810165405273e+00,0.000000000000000000e+00,2.923928976058959961e+00,0.000000000000000000e+00,1.242202663421630859e+01,7.390255451202392578e+00,0.000000000000000000e+00,0.000000000000000000e+00,2.188546180725097656e+00,0.000000000000000000e+00,0.000000000000000000e+00,1.026080226898193359e+01,3.559755086898803711e+00,2.507492303848266602e+00,0.000000000000000000e+00,1.441253662109375000e+01,3.046701669692993164e+00
0.000000000000000000e+00,9.033639907836914062e+00,2.746914148330688477e+00,1.367462825775146484e+01,3.256800889968872070e+00,0.000000000000000000e+00,0.000000000000000000e+00,1.243087500333786011e-01,8.338088393211364746e-01,2.668475151062011719e+00,2.748531699180603027e-01,0.000000000000000000e+00,2.619140148162841797e-01,0.000000000000000000e+00,3.500545978546142578e+00,5.051360607147216797e+00,0.000000000000000000e+00,3.634029150009155273e+00,0.000000000000000000e+00,1.153887844085693359e+01,5.886041164398193359e+00,0.000000000000000000e+00,0.000000000000000000e+00,2.966945886611938477e+00,0.000000000000000000e+00,0.000000000000000000e+00,1.066693019866943359e+01,2.254287958145141602e+00,1.475982427597045898e+00,0.000000000000000000e+00,1.460473823547363281e+01,2.074516057968139648e+00
0.000000000000000000e+00,7.611180782318115234e+00,1.645597338676452637e+00,1.303385162353515625e+01,1.907255053520202637e+00,0.000000000000000000e+00,0.000000000000000000e+00,1.146259784698486328e+00,1.720289468765258789e+00,1.557718276977539062e+00,1.367584347724914551e+00,0.000000000000000000e+00,2.085015296936035156e+00,0.000000000000000000e+00,2.893569707870483398e+00,2.589984416961669922e+00,0.000000000000000000e+00,2.487156629562377930e+00,0.000000000000000000e+00,1.196436595916748047e+01,8.685795783996582031e+00,0.000000000000000000e+00,0.000000000000000000e+00,1.601842045783996582e+00,0.000000000000000000e+00,0.000000000000000000e+00,1.007512187957763672e+01,2.792895555496215820e+00,2.665155887603759766e+00,0.000000000000000000e+00,1.443508529663085938e+01,3.896967649459838867e+00
0.000000000000000000e+00,8.280853271484375000e+00,1.942391753196716309e+00,1.355884552001953125e+01,1.340394496917724609e+00,0.000000000000000000e+00,0.000000000000000000e+00,1.103522419929504395e+00,1.772804498672485352e+00,1.862636446952819824e+00,3.495827674865722656e+00,0.000000000000000000e+00,2.608924865722656250e+00,0.000000000000000000e+00,3.076827764511108398e+00,2.550975322723388672e+00,0.000000000000000000e+00,2.837145566940307617e+00,0.000000000000000000e+00,1.259074497222900391e+01,8.657436370849609375e+00,0.000000000000000000e+00,0.000000000000000000e+00,2.053253173828125000e+00,0.000000000000000000e+00,0.000000000000000000e+00,1.042692852020263672e+01,4.573955059051513672e+00,2.949731588363647461e+00,0.000000000000000000e+00,1.633313179016113281e+01,4.781643390655517578e+00
0.000000000000000000e+00,6.970809936523437500e+00,1.714725017547607422e+00,1.295886516571044922e+01,4.442763030529022217e-01,0.000000000000000000e+00,0.000000000000000000e+00,1.324057221412658691e+00,1.875389456748962402e+00,1.625237345695495605e+00,2.955657720565795898e+00,0.000000000000000000e+00,3.183151245117187500e+00,0.000000000000000000e+00,2.848314285278320312e+00,1.664502859115600586e+00,0.000000000000000000e+00,2.644081830978393555e+00,0.000000000000000000e+00,1.303446769714355469e+01,9.900181770324707031e+00,0.000000000000000000e+00,0.000000000000000000e+00,1.755401015281677246e+00,0.000000000000000000e+00,0.000000000000000000e+00,1.065524291992187500e+01,5.026674270629882812e+00,4.337037563323974609e+00,0.000000000000000000e+00,1.565621280670166016e+01,6.053756237030029297e+00
0.000000000000000000e+00,8.446801185607910156e+00,2.544047594070434570e+00,1.365217304229736328e+01,2.770983219146728516e+00,0.000000000000000000e+00,0.000000000000000000e+00,3.201880156993865967e-01,9.377114772796630859e-01,2.462300062179565430e+00,1.862042665481567383e+00,0.000000000000000000e+00,3.505394458770751953e-01,0.000000000000000000e+00,3.658695697784423828e+00,5.360407352447509766e+00,0.000000000000000000e+00,3.387397766113281250e+00,0.000000000000000000e+00,1.154323291778564453e+01,6.413198471069335938e+00,0.000000000000000000e+00,0.000000000000000000e+00,2.645507335662841797e+00,0.000000000000000000e+00,0.000000000000000000e+00,1.076615047454833984e+01,2.516523122787475586e+00,1.221225857734680176e+00,0.000000000000000000e+00,1.349100208282470703e+01,1.494221210479736328e+00
0.000000000000000000e+00,8.140470504760742188e+00,1.780978202819824219e+00,1.335271167755126953e+01,1.597753286361694336e+00,0.000000000000000000e+00,0.000000000000000000e+00,1.126770377159118652e+00,1.713717579841613770e+00,1.682818293571472168e+00,1.663957953453063965e+00,0.000000000000000000e+00,2.505094528198242188e+00,0.000000000000000000e+00,3.267605304718017578e+00,2.383208274841308594e+00,0.000000000000000000e+00,2.662833929061889648e+00,0.000000000000000000e+00,1.204187488555908203e+01,8.668025016784667969e+00,0.000000000000000000e+00,0.000000000000000000e+00,1.775594711303710938e+00,0.000000000000000000e+00,0.000000000000000000e+00,1.040392017364501953e+01,3.342675924301147461e+00,2.253937959671020508e+00,0.000000000000000000e+00,1.506578922271728516e+01,4.540065765380859375e+00
0.000000000000000000e+00,7.524298667907714844e+00,1.938380241394042969e+00,1.326284980773925781e+01,1.533549070358276367e+00,0.000000000000000000e+00,0.000000000000000000e+00,1.005907535552978516e+00,1.584718823432922363e+00,1.858037471771240234e+00,2.547744989395141602e+00,0.000000000000000000e+00,2.499107837677001953e+00,0.000000000000000000e+00,3.106308937072753906e+00,2.317322731018066406e+00,0.000000000000000000e+00,2.866098165512084961e+00,0.000000000000000000e+00,1.230580043792724609e+01,9.410356521606445312e+00,0.000000000000000000e+00,0.000000000000000000e+00,1.987957954406738281e+00,0.000000000000000000e+00,0.000000000000000000e+00,1.068406963348388672e+01,4.077832221984863281e+00,3.558230638504028320e+00,0.000000000000000000e+00,1.526834487915039062e+01,5.235561370849609375e+00
0.000000000000000000e+00,9.222555160522460938e+00,2.585964441299438477e+00,1.452392196655273438e+01,1.034272432327270508e+00,0.000000000000000000e+00,0.000000000000000000e+00,8.386560678482055664e-01,1.509431838989257812e+00,2.497386217117309570e+00,3.610333919525146484e+00,0.000000000000000000e+00,2.274120807647705078e+00,0.000000000000000000e+00,3.436553001403808594e+00,4.619601249694824219e+00,0.000000000000000000e+00,3.580897092819213867e+00,0.000000000000000000e+00,1.364228725433349609e+01,8.791275978088378906e+00,0.000000000000000000e+00,0.000000000000000000e+00,2.764048337936401367e+00,0.000000000000000000e+00,0.000000000000000000e+00,1.238888359069824219e+01,5.469659805297851562e+00,3.530876159667968750e+00,0.000000000000000000e+00,1.585130977630615234e+01,3.710151672363281250e+00
0.000000000000000000e+00,7.992856979370117188e+00,2.339016675949096680e+00,1.262606906890869141e+01,3.252188205718994141e+00,0.000000000000000000e+00,0.000000000000000000e+00,1.984070986509323120e-01,8.207142949104309082e-01,2.254852533340454102e+00,2.876204252243041992e-01,0.000000000000000000e+00,3.880020976066589355e-02,0.000000000000000000e+00,3.292583942413330078e+00,4.726282119750976562e+00,0.000000000000000000e+00,3.129434347152709961e+00,0.000000000000000000e+00,1.086957645416259766e+01,5.720945835113525391e+00,0.000000000000000000e+00,0.000000000000000000e+00,2.505506753921508789e+00,0.000000000000000000e+00,0.000000000000000000e+00,9.352533340454101562e+00,1.061847209930419922e+00,7.126238942146301270e-01,0.000000000000000000e+00,1.341731071472167969e+01,1.399815678596496582e+00
0.000000000000000000e+00,8.079029083251953125e+00,2.604114294052124023e+00,1.355040740966796875e+01,1.956295251846313477e+00,0.000000000000000000e+00,0.000000000000000000e+00,4.368995726108551025e-01,1.154467701911926270e+00,2.511533260345458984e+00,3.537233114242553711e+00,0.000000000000000000e+00,1.924323797225952148e+00,0.000000000000000000e+00,3.331253767013549805e+00,4.475562572479248047e+00,0.000000000000000000e+00,3.562044858932495117e+00,0.000000000000000000e+00,1.226599693298339844e+01,8.073598861694335938e+00,0.000000000000000000e+00,0.000000000000000000e+00,2.771896123886108398e+00,0.000000000000000000e+00,0.000000000000000000e+00,1.153420734405517578e+01,2.940212488174438477e+00,3.087297439575195312e+00,0.000000000000000000e+00,1.602985000610351562e+01,4.052636146545410156e+00
0.000000000000000000e+00,7.777778625488281250e+00,1.757248401641845703e+00,1.307154941558837891e+01,0.000000000000000000e+00,0.000000000000000000e+00,0.000000000000000000e+00,1.384665846824645996e+00,2.063867807388305664e+00,1.665828227996826172e+00,5.158284664154052734e+00,0.000000000000000000e+00,3.907406330108642578e+00,0.000000000000000000e+00,2.826383590698242188e+00,1.899409890174865723e+00,0.000000000000000000e+00,2.721221685409545898e+00,0.000000000000000000e+00,1.389463806152343750e+01,1.020206356048583984e+01,0.000000000000000000e+00,0.000000000000000000e+00,1.889873862266540527e+00,0.000000000000000000e+00,0.000000000000000000e+00,1.045337581634521484e+01,4.611851692199707031e+00,5.108015537261962891e+00,0.000000000000000000e+00,1.705922889709472656e+01,6.531297206878662109e+00
0.000000000000000000e+00,7.837056636810302734e+00,1.871048688888549805e+00,1.320101356506347656e+01,2.119925498962402344e+00,0.000000000000000000e+00,0.000000000000000000e+00,1.147698283195495605e+00,1.768867373466491699e+00,1.803467869758605957e+00,3.068432092666625977e+00,0.000000000000000000e+00,2.916558742523193359e+00,0.000000000000000000e+00,2.766075611114501953e+00,2.080287694931030273e+00,0.000000000000000000e+00,2.820177316665649414e+00,0.000000000000000000e+00,1.286815547943115234e+01,1.034002017974853516e+01,0.000000000000000000e+00,0.000000000000000000e+00,1.946800708770751953e+00,0.000000000000000000e+00,0.000000000000000000e+00,1.084288311004638672e+01,4.109872341156005859e+00,3.797100782394409180e+00,0.000000000000000000e+00,1.627138328552246094e+01,5.620232105255126953e+00
0.000000000000000000e+00,7.881529808044433594e+00,2.348878383636474609e+00,1.325812721252441406e+01,5.082852244377136230e-01,0.000000000000000000e+00,0.000000000000000000e+00,7.638291120529174805e-01,1.478238582611083984e+00,2.235254526138305664e+00,3.179911613464355469e+00,0.000000000000000000e+00,2.728645801544189453e+00,0.000000000000000000e+00,3.104058742523193359e+00,3.298994302749633789e+00,0.000000000000000000e+00,3.319622039794921875e+00,0.000000000000000000e+00,1.338240528106689453e+01,8.814870834350585938e+00,0.000000000000000000e+00,0.000000000000000000e+00,2.552845954895019531e+00,0.000000000000000000e+00,0.000000000000000000e+00,1.128990459442138672e+01,3.225142240524291992e+00,4.616508483886718750e+00,0.000000000000000000e+00,1.642885971069335938e+01,5.317678451538085938e+00
0.000000000000000000e+00,8.087866783142089844e+00,1.792152762413024902e+00,1.315722179412841797e+01,2.955033779144287109e-01,0.000000000000000000e+00,0.000000000000000000e+00,1.302874207496643066e+00,1.947887539863586426e+00,1.708327174186706543e+00,3.394104957580566406e+00,0.000000000000000000e+00,3.399870872497558594e+00,0.000000000000000000e+00,2.848504781723022461e+00,1.477179765701293945e+00,0.000000000000000000e+00,2.719253301620483398e+00,0.000000000000000000e+00,1.345629501342773438e+01,9.523314476013183594e+00,0.000000000000000000e+00,0.000000000000000000e+00,1.939277529716491699e+00,0.000000000000000000e+00,0.000000000000000000e+00,1.068516921997070312e+01,4.596693992614746094e+00,4.620934009552001953e+00,0.000000000000000000e+00,1.621053314208984375e+01,6.148097515106201172e+00
0.000000000000000000e+00,7.274214267730712891e+00,1.921669125556945801e+00,1.345842838287353516e+01,1.478210210800170898e+00,0.000000000000000000e+00,0.000000000000000000e+00,9.458968639373779297e-01,1.572247982025146484e+00,1.821105599403381348e+00,1.362009525299072266e+00,0.000000000000000000e+00,1.325220465660095215e+00,0.000000000000000000e+00,3.120743274688720703e+00,3.564159870147705078e+00,0.000000000000000000e+00,2.774044036865234375e+00,0.000000000000000000e+00,1.256266117095947266e+01,7.153114318847656250e+00,0.000000000000000000e+00,0.000000000000000000e+00,2.026560306549072266e+00,0.000000000000000000e+00,0.000000000000000000e+00,9.870635032653808594e+00,3.120411157608032227e+00,2.470839977264404297e+00,0.000000000000000000e+00,1.502955913543701172e+01,3.141490459442138672e+00
0.000000000000000000e+00,1.020424079895019531e+01,2.852202653884887695e+00,1.506254100799560547e+01,4.033394336700439453e+00,0.000000000000000000e+00,0.000000000000000000e+00,2.322410196065902710e-01,1.043467760086059570e+00,2.764937639236450195e+00,2.010908573865890503e-01,0.000000000000000000e+00,0.000000000000000000e+00,0.000000000000000000e+00,4.356531620025634766e+00,6.780514717102050781e+00,0.000000000000000000e+00,3.788847684860229492e+00,0.000000000000000000e+00,1.163372325897216797e+01,6.178367137908935547e+00,0.000000000000000000e+00,0.000000000000000000e+00,3.036756515502929688e+00,0.000000000000000000e+00,0.000000000000000000e+00,1.196100521087646484e+01,8.211691379547119141e-01,5.492287278175354004e-01,0.000000000000000000e+00,1.523697185516357422e+01,1.331783890724182129e+00
0.000000000000000000e+00,8.166606903076171875e+00,2.489155054092407227e+00,1.350280475616455078e+01,2.910416603088378906e+00,0.000000000000000000e+00,0.000000000000000000e+00,2.471032291650772095e-01,9.038785099983215332e-01,2.385686635971069336e+00,8.510035276412963867e-01,0.000000000000000000e+00,4.560643434524536133e-01,0.000000000000000000e+00,3.506719112396240234e+00,4.895051002502441406e+00,0.000000000000000000e+00,3.335029125213623047e+00,0.000000000000000000e+00,1.117626380920410156e+01,6.035227298736572266e+00,0.000000000000000000e+00,0.000000000000000000e+00,2.629291057586669922e+00,0.000000000000000000e+00,0.000000000000000000e+00,1.035297393798828125e+01,1.711180448532104492e+00,1.146292209625244141e+00,0.000000000000000000e+00,1.417629909515380859e+01,1.916107535362243652e+00
0.000000000000000000e+00,1.001949977874755859e+01,2.832976579666137695e+00,1.515413951873779297e+01,3.600015640258789062e+00,0.000000000000000000e+00,0.000000000000000000e+00,2.441234737634658813e-01,1.051423907279968262e+00,2.723924636840820312e+00,2.556953579187393188e-02,0.000000000000000000e+00,0.000000000000000000e+00,0.000000000000000000e+00,4.340011119842529297e+00,6.446019172668457031e+00,0.000000000000000000e+00,3.762921094894409180e+00,0.000000000000000000e+00,1.191604137420654297e+01,6.083950042724609375e+00,0.000000000000000000e+00,0.000000000000000000e+00,2.989827156066894531e+00,0.000000000000000000e+00,0.000000000000000000e+00,1.180078506469726562e+01,8.174654841423034668e-01,4.470375180244445801e-01,0.000000000000000000e+00,1.499559402465820312e+01,1.379600286483764648e+00
0.000000000000000000e+00,8.097248077392578125e+00,2.454834222793579102e+00,1.374285602569580078e+01,9.604785442352294922e-01,0.000000000000000000e+00,0.000000000000000000e+00,6.712484359741210938e-01,1.393831849098205566e+00,2.353956460952758789e+00,3.095766067504882812e+00,0.000000000000000000e+00,2.491797924041748047e+00,0.000000000000000000e+00,3.489112615585327148e+00,4.080296039581298828e+00,0.000000000000000000e+00,3.416834115982055664e+00,0.000000000000000000e+00,1.316479015350341797e+01,8.050878524780273438e+00,0.000000000000000000e+00,0.000000000000000000e+00,2.612224102020263672e+00,0.000000000000000000e+00,0.000000000000000000e+00,1.173141956329345703e+01,3.158939599990844727e+00,3.636019706726074219e+00,0.000000000000000000e+00,1.575687026977539062e+01,4.560431957244873047e+00
0.000000000000000000e+00,7.688094615936279297e+00,2.106270551681518555e+00,1.256234741210937500e+01,3.496152460575103760e-01,0.000000000000000000e+00,0.000000000000000000e+00,8.978757262229919434e-01,1.593553304672241211e+00,2.007045030593872070e+00,4.391108512878417969e+00,0.000000000000000000e+00,2.813545703887939453e+00,0.000000000000000000e+00,3.020671367645263672e+00,3.461047887802124023e+00,0.000000000000000000e+00,3.003485679626464844e+00,0.000000000000000000e+00,1.321591091156005859e+01,8.688482284545898438e+00,0.000000000000000000e+00,0.000000000000000000e+00,2.243470668792724609e+00,0.000000000000000000e+00,0.000000000000000000e+00,1.018080806732177734e+01,3.189503669738769531e+00,3.697700977325439453e+00,0.000000000000000000e+00,1.607921981811523438e+01,4.529853343963623047e+00
0.000000000000000000e+00,7.432575702667236328e+00,2.379890441894531250e+00,1.297399044036865234e+01,6.856458187103271484e-01,0.000000000000000000e+00,0.000000000000000000e+00,6.564738154411315918e-01,1.341295480728149414e+00,2.279765605926513672e+00,3.862494707107543945e+00,0.000000000000000000e+00,2.536703109741210938e+00,0.000000000000000000e+00,3.089604854583740234e+00,3.972968101501464844e+00,0.000000000000000000e+00,3.317569017410278320e+00,0.000000000000000000e+00,1.269128322601318359e+01,8.327950477600097656e+00,0.000000000000000000e+00,0.000000000000000000e+00,2.526457786560058594e+00,0.000000000000000000e+00,0.000000000000000000e+00,1.134346961975097656e+01,3.204884767532348633e+00,4.070257186889648438e+00,0.000000000000000000e+00,1.560953712463378906e+01,4.621884822845458984e+00
0.000000000000000000e+00,8.230381965637207031e+00,2.292717933654785156e+00,1.319364070892333984e+01,3.107509136199951172e+00,0.000000000000000000e+00,0.000000000000000000e+00,3.645399510860443115e-01,1.032290220260620117e+00,2.204564094543457031e+00,1.189712285995483398e+00,0.000000000000000000e+00,5.794578790664672852e-01,0.000000000000000000e+00,3.316034317016601562e+00,4.499163627624511719e+00,0.000000000000000000e+00,3.094616413116455078e+00,0.000000000000000000e+00,1.093292617797851562e+01,6.295354366302490234e+00,0.000000000000000000e+00,0.000000000000000000e+00,2.396197080612182617e+00,0.000000000000000000e+00,0.000000000000000000e+00,9.805541038513183594e+00,1.658648252487182617e+00,9.772599935531616211e-01,0.000000000000000000e+00,1.417989635467529297e+01,1.834474921226501465e+00
0.000000000000000000e+00,7.464429378509521484e+00,1.986297965049743652e+00,1.272711849212646484e+01,1.247921109199523926e+00,0.000000000000000000e+00,0.000000000000000000e+00,9.527111053466796875e-01,1.607757806777954102e+00,1.891313195228576660e+00,2.013238191604614258e+00,0.000000000000000000e+00,2.226479530334472656e+00,0.000000000000000000e+00,2.879747152328491211e+00,2.579703807830810547e+00,0.000000000000000000e+00,2.863033294677734375e+00,0.000000000000000000e+00,1.256339263916015625e+01,7.809780597686767578e+00,0.000000000000000000e+00,0.000000000000000000e+00,2.161447525024414062e+00,0.000000000000000000e+00,0.000000000000000000e+00,9.955706596374511719e+00,4.153955936431884766e+00,3.038263320922851562e+00,0.000000000000000000e+00,1.613744735717773438e+01,4.784479141235351562e+00
0.000000000000000000e+00,7.504151821136474609e+00,1.895394444465637207e+00,1.297981548309326172e+01,1.927029371261596680e+00,0.000000000000000000e+00,0.000000000000000000e+00,9.412325620651245117e-01,1.608609318733215332e+00,1.810168981552124023e+00,1.851983428001403809e+00,0.000000000000000000e+00,1.569867730140686035e+00,0.000000000000000000e+00,2.654867410659790039e+00,2.770353317260742188e+00,0.000000000000000000e+00,2.726303815841674805e+00,0.000000000000000000e+00,1.251834774017333984e+01,7.999577522277832031e+00,0.000000000000000000e+00,0.000000000000000000e+00,2.025641918182373047e+00,0.000000000000000000e+00,0.000000000000000000e+00,9.571955680847167969e+00,3.141556024551391602e+00,2.692851781845092773e+00,0.000000000000000000e+00,1.586326408386230469e+01,3.764551401138305664e+00
0.000000000000000000e+00,9.654354095458984375e+00,3.019798517227172852e+00,1.486314487457275391e+01,4.557500362396240234e+00,0.000000000000000000e+00,0.000000000000000000e+00,0.000000000000000000e+00,6.518373489379882812e-01,2.932455301284790039e+00,1.235431432723999023e+00,0.000000000000000000e+00,0.000000000000000000e+00,0.000000000000000000e+00,4.388358592987060547e+00,6.519025802612304688e+00,0.000000000000000000e+00,3.937147855758666992e+00,0.000000000000000000e+00,1.121937751770019531e+01,6.336973667144775391e+00,0.000000000000000000e+00,0.000000000000000000e+00,3.193075418472290039e+00,0.000000000000000000e+00,0.000000000000000000e+00,1.177951145172119141e+01,8.431103825569152832e-01,6.658691167831420898e-02,0.000000000000000000e+00,1.450244140625000000e+01,1.111634969711303711e+00
0.000000000000000000e+00,8.079068183898925781e+00,1.867039799690246582e+00,1.294545459747314453e+01,1.425926685333251953e+00,0.000000000000000000e+00,0.000000000000000000e+00,1.095568776130676270e+00,1.764236569404602051e+00,1.799498200416564941e+00,4.249575138092041016e+00,0.000000000000000000e+00,2.806274414062500000e+00,0.000000000000000000e+00,2.860881805419921875e+00,2.475677490234375000e+00,0.000000000000000000e+00,2.744530677795410156e+00,0.000000000000000000e+00,1.240835094451904297e+01,8.904788017272949219e+00,0.000000000000000000e+00,0.000000000000000000e+00,1.995897531509399414e+00,0.000000000000000000e+00,0.000000000000000000e+00,1.014169788360595703e+01,4.524120807647705078e+00,3.195955991744995117e+00,0.000000000000000000e+00,1.613453674316406250e+01,4.904681682586669922e+00
0.000000000000000000e+00,7.543445110321044922e+00,1.824512124061584473e+00,1.362070751190185547e+01,1.230147361755371094e+00,0.000000000000000000e+00,0.000000000000000000e+00,1.293874621391296387e+00,1.878658652305603027e+00,1.759340167045593262e+00,2.844770669937133789e+00,0.000000000000000000e+00,2.458651542663574219e+00,0.000000000000000000e+00,2.787277698516845703e+00,2.399910449981689453e+00,0.000000000000000000e+00,2.780698299407958984e+00,0.000000000000000000e+00,1.407688617706298828e+01,1.070407962799072266e+01,0.000000000000000000e+00,0.000000000000000000e+00,1.878223299980163574e+00,0.000000000000000000e+00,0.000000000000000000e+00,1.079598522186279297e+01,4.406041145324707031e+00,4.189534664154052734e+00,0.000000000000000000e+00,1.616593360900878906e+01,5.341257095336914062e+00
0.000000000000000000e+00,8.327420234680175781e+00,2.413809776306152344e+00,1.356068515777587891e+01,2.680182695388793945e+00,0.000000000000000000e+00,0.000000000000000000e+00,3.742492496967315674e-01,1.057762742042541504e+00,2.316447973251342773e+00,8.601534366607666016e-01,0.000000000000000000e+00,4.542737007141113281e-01,0.000000000000000000e+00,3.624600410461425781e+00,5.197377204895019531e+00,0.000000000000000000e+00,3.267294406890869141e+00,0.000000000000000000e+00,1.221262836456298828e+01,6.413834095001220703e+00,0.000000000000000000e+00,0.000000000000000000e+00,2.565721511840820312e+00,0.000000000000000000e+00,0.000000000000000000e+00,1.012238407135009766e+01,1.358590841293334961e+00,9.528524279594421387e-01,0.000000000000000000e+00,1.451150226593017578e+01,1.678258299827575684e+00
0.000000000000000000e+00,9.842851638793945312e+00,2.779582738876342773e+00,1.504957103729248047e+01,4.835881233215332031e+00,0.000000000000000000e+00,0.000000000000000000e+00,0.000000000000000000e+00,6.429213881492614746e-01,2.696465253829956055e+00,0.000000000000000000e+00,0.000000000000000000e+00,0.000000000000000000e+00,0.000000000000000000e+00,4.203718185424804688e+00,6.632762432098388672e+00,0.000000000000000000e+00,3.680573463439941406e+00,0.000000000000000000e+00,1.086348056793212891e+01,5.776020526885986328e+00,0.000000000000000000e+00,0.000000000000000000e+00,2.880784749984741211e+00,0.000000000000000000e+00,0.000000000000000000e+00,1.103266239166259766e+01,0.000000000000000000e+00,0.000000000000000000e+00,0.000000000000000000e+00,1.318487644195556641e+01,6.099981814622879028e-02
0.000000000000000000e+00,7.600376129150390625e+00,2.101774930953979492e+00,1.316417121887207031e+01,3.210360109806060791e-01,0.000000000000000000e+00,0.000000000000000000e+00,9.228843450546264648e-01,1.618132710456848145e+00,1.990926742553710938e+00,2.649926900863647461e+00,0.000000000000000000e+00,2.653999328613281250e+00,0.000000000000000000e+00,3.166072368621826172e+00,3.294561386108398438e+00,0.000000000000000000e+00,3.028950452804565430e+00,0.000000000000000000e+00,1.314193630218505859e+01,8.172928810119628906e+00,0.000000000000000000e+00,0.000000000000000000e+00,2.253212690353393555e+00,0.000000000000000000e+00,0.000000000000000000e+00,1.071665954589843750e+01,3.205085039138793945e+00,3.969887018203735352e+00,0.000000000000000000e+00,1.586905956268310547e+01,4.926687717437744141e+00
0.000000000000000000e+00,8.451356887817382812e+00,2.354053258895874023e+00,1.354047107696533203e+01,2.939389228820800781e+00,0.000000000000000000e+00,0.000000000000000000e+00,3.825717866420745850e-01,1.069949984550476074e+00,2.257062196731567383e+00,5.668833851814270020e-01,0.000000000000000000e+00,5.498660802841186523e-01,0.000000000000000000e+00,3.562999010086059570e+00,4.783166885375976562e+00,0.000000000000000000e+00,3.202002525329589844e+00,0.000000000000000000e+00,1.189636325836181641e+01,6.347732067108154297e+00,0.000000000000000000e+00,0.000000000000000000e+00,2.504416704177856445e+00,0.000000000000000000e+00,0.000000000000000000e+00,1.002694988250732422e+01,1.045806407928466797e+00,9.380749464035034180e-01,0.000000000000000000e+00,1.443172264099121094e+01,1.858952403068542480e+00
0.000000000000000000e+00,8.563123703002929688e+00,2.427185058593750000e+00,1.363128662109375000e+01,2.854558467864990234e+00,0.000000000000000000e+00,0.000000000000000000e+00,3.608005642890930176e-01,1.043289184570312500e+00,2.339373350143432617e+00,5.526404380798339844e-01,0.000000000000000000e+00,2.643889188766479492e-01,0.000000000000000000e+00,3.797274589538574219e+00,5.245890617370605469e+00,0.000000000000000000e+00,3.271763086318969727e+00,0.000000000000000000e+00,1.187372684478759766e+01,5.998564243316650391e+00,0.000000000000000000e+00,0.000000000000000000e+00,2.573876380920410156e+00,0.000000000000000000e+00,0.000000000000000000e+00,1.013089561462402344e+01,1.261496782302856445e+00,6.294692158699035645e-01,0.000000000000000000e+00,1.424571323394775391e+01,1.537820458412170410e+00
0.000000000000000000e+00,9.492771148681640625e+00,2.856591939926147461e+00,1.481735897064208984e+01,4.376469135284423828e+00,0.000000000000000000e+00,0.000000000000000000e+00,7.381422817707061768e-02,8.378663659095764160e-01,2.754869937896728516e+00,0.000000000000000000e+00,0.000000000000000000e+00,0.000000000000000000e+00,0.000000000000000000e+00,4.263679027557373047e+00,6.284218788146972656e+00,0.000000000000000000e+00,3.768358707427978516e+00,0.000000000000000000e+00,1.142988109588623047e+01,5.955790042877197266e+00,0.000000000000000000e+00,0.000000000000000000e+00,3.016226768493652344e+00,0.000000000000000000e+00,0.000000000000000000e+00,1.158558082580566406e+01,3.379230201244354248e-01,0.000000000000000000e+00,0.000000000000000000e+00,1.450345325469970703e+01,1.288406133651733398e+00
0.000000000000000000e+00,1.008516597747802734e+01,2.609790563583374023e+00,1.441648101806640625e+01,4.074436664581298828e+00,0.000000000000000000e+00,0.000000000000000000e+00,2.731230258941650391e-01,9.536104798316955566e-01,2.515815496444702148e+00,7.227973937988281250e-01,0.000000000000000000e+00,8.378991484642028809e-01,0.000000000000000000e+00,3.860179424285888672e+00,3.988540410995483398e+00,0.000000000000000000e+00,3.557441949844360352e+00,0.000000000000000000e+00,1.121169567108154297e+01,7.958773612976074219e+00,0.000000000000000000e+00,0.000000000000000000e+00,2.749622106552124023e+00,0.000000000000000000e+00,0.000000000000000000e+00,1.142700767517089844e+01,1.421958804130554199e+00,1.362123489379882812e+00,0.000000000000000000e+00,1.477309226989746094e+01,3.371892452239990234e+00
0.000000000000000000e+00,8.641181945800781250e+00,2.515446424484252930e+00,1.357353878021240234e+01,3.354119539260864258e+00,0.000000000000000000e+00,0.000000000000000000e+00,1.891895532608032227e-01,8.771468997001647949e-01,2.425743103027343750e+00,2.982983291149139404e-01,0.000000000000000000e+00,1.662260890007019043e-01,0.000000000000000000e+00,3.732596874237060547e+00,5.386111259460449219e+00,0.000000000000000000e+00,3.355207681655883789e+00,0.000000000000000000e+00,1.161724090576171875e+01,6.083214759826660156e+00,0.000000000000000000e+00,0.000000000000000000e+00,2.652467966079711914e+00,0.000000000000000000e+00,0.000000000000000000e+00,1.021252918243408203e+01,6.027491688728332520e-01,4.858992099761962891e-01,0.000000000000000000e+00,1.394566345214843750e+01,1.271075367927551270e+00
0.000000000000000000e+00,7.798357963562011719e+00,1.801899313926696777e+00,1.311808776855468750e+01,8.815691471099853516e-01,0.000000000000000000e+00,0.000000000000000000e+00,1.113298892974853516e+00,1.797717213630676270e+00,1.710186243057250977e+00,2.111145496368408203e+00,0.000000000000000000e+00,2.295909881591796875e+00,0.000000000000000000e+00,3.154357433319091797e+00,3.056231737136840820e+00,0.000000000000000000e+00,2.682801723480224609e+00,0.000000000000000000e+00,1.294513893127441406e+01,7.972144603729248047e+00,0.000000000000000000e+00,0.000000000000000000e+00,1.925312399864196777e+00,0.000000000000000000e+00,0.000000000000000000e+00,9.718711853027343750e+00,2.498735427856445312e+00,3.037464618682861328e+00,0.000000000000000000e+00,1.581324005126953125e+01,4.065245628356933594e+00
0.000000000000000000e+00,8.408147811889648438e+00,2.118498563766479492e+00,1.335797595977783203e+01,2.568583488464355469e+00,0.000000000000000000e+00,0.000000000000000000e+00,7.230826020240783691e-01,1.430623650550842285e+00,2.031077146530151367e+00,2.478141784667968750e+00,0.000000000000000000e+00,1.704963803291320801e+00,0.000000000000000000e+00,3.087681055068969727e+00,3.443419456481933594e+00,0.000000000000000000e+00,2.976301193237304688e+00,0.000000000000000000e+00,1.200298786163330078e+01,7.878587245941162109e+00,0.000000000000000000e+00,0.000000000000000000e+00,2.261600255966186523e+00,0.000000000000000000e+00,0.000000000000000000e+00,1.010988330841064453e+01,2.832957029342651367e+00,2.097143650054931641e+00,0.000000000000000000e+00,1.585127449035644531e+01,3.462189674377441406e+00
0.000000000000000000e+00,8.343044281005859375e+00,1.937386631965637207e+00,1.327870655059814453e+01,2.085988998413085938e+00,0.000000000000000000e+00,0.000000000000000000e+00,8.246513009071350098e-01,1.506372570991516113e+00,1.842252373695373535e+00,2.065181255340576172e+00,0.000000000000000000e+00,1.901557803153991699e+00,0.000000000000000000e+00,3.159541130065917969e+00,3.211929082870483398e+00,0.000000000000000000e+00,2.788932085037231445e+00,0.000000000000000000e+00,1.202163028717041016e+01,7.916505813598632812e+00,0.000000000000000000e+00,0.000000000000000000e+00,2.027979135513305664e+00,0.000000000000000000e+00,0.000000000000000000e+00,9.771642684936523438e+00,2.350762844085693359e+00,2.045972347259521484e+00,0.000000000000000000e+00,1.501753807067871094e+01,3.575128078460693359e+00
