"k__Bacteria|p__Proteobacteria|c__Gammaproteobacteria|o__Alteromonadales|f__Marinobacteraceae|g__Marinobacter|s__hex_1"	17.0013882153318	16.8761207854851	16.4599902067002	16.4457782654594	16.4241568753976	16.3281289103334	16.2738639904562	16.2603404592725	16.1010380188161	16.0395565953801	16.0111503275672	15.9647561810316	15.8752883056549	15.7664650583889	15.6466039953051	15.5871958101238	15.5052486528248	15.475667654649	15.4411754405212	15.3704346956518	15.3643633434009	15.3522989846963	15.3347264865985	15.328702601169	15.2540386384742	15.1808164331984	15.0957425150995	15.0347308192325	14.8691539761733	14.6875761653308	14.6858620052117	14.5966620245972	14.4523548800512	14.4470688371488	14.4244548518294	14.4060970251694	14.3697512383211	14.3157692459398	14.2859130967018	14.2699593139734	14.2671214368828	14.2559978088508	14.0430680899799	14.032555628828	13.9941796930573	13.9908662993173	13.9734038483857	13.966450347232	13.9603337208514	13.9257718048013	13.9098785621187	13.8584054001484	13.832792717162	13.7947319634014	13.7603124084468	13.740155999114	13.6003604147898	13.5981576984116	13.4479476662023	13.4450094728095	13.3040885855888	13.19839811962	13.1924211463487	13.1841376299793	13.0340670615424	13.0154368423951	12.9032116500033	12.8223438664767	12.7542217152417	12.7323020626352	12.5559740995121	11.3604603255192
"k__Bacteria|p__Proteobacteria|c__Gammaproteobacteria|o__Alteromonadales|f__Marinobacteraceae|g__Marinobacter|s__hex_4"	15.9693237840425	15.9129652294502	15.7148399437496	15.3299247775745	15.532887642863	15.2115657113032	15.3072980094131	15.3041506523147	15.2756494471809	15.0801947313538	15.0486875686833	14.7637801660754	15.0074069020556	14.5461626291405	14.4860385348412	14.413120661759	14.5023945421624	14.4097578540566	14.524401830625	14.2307034413157	14.2516905414608	14.3597764467954	14.101863481382	14.3012222180572	14.0455538253024	14.0667470958746	14.3311448301616	13.7916769212808	14.033133569984	13.3927795216556	13.3191123690436	13.5983720362548	13.4585658659273	13.203679625162	13.6060788520957	13.0770869117505	13.0154902106307	12.9613447273346	13.4165195063135	12.9421673999818	13.389400571479	12.8668266473726	13.3069395703421	13.2349158992445	13.0897176248367	13.146008662305	13.0791409368579	12.6746372275318	13.0080778952837	13.1817356013406	13.1066310659376	13.0731579489326	12.9138017536634	13.0605750637168	12.9763848896966	12.8976110368238	12.499943884052	12.7668168400963	12.6816005005055	12.1314142486471	12.2580855720872	12.5165365160302	12.335491969757	12.0726098730526	12.4153558172754	12.2665803587373	12.0262340342378	11.9193666847131	11.8981438972968	11.923566117969	11.7244845872426	10.3667014592876
"k__Bacteria|p__Proteobacteria|c__Alphaproteobacteria|o__Caulobacterales|f__Hyphomonadaceae|g__Oceanicaulis|s__hex_5"	14.4725254913193	14.0451204731189	13.4498514845824	14.9398155495831	13.6184011740474	14.3695610239474	13.5502560292198	13.7242577982193	12.9489354249136	13.5436797860479	13.9192717674929	14.2414932123249	12.3826685456072	13.3843041118881	13.6921210734758	12.9085622457767	13.1497035687158	12.8408312798722	13.1049159585969	11.4045635940745	13.1290976504779	12.7986695623626	12.9388013351084	12.8582756953048	13.4656473053169	12.1566222104232	10.7473107896499	13.255926740157	10.7088487502214	12.1514394305971	11.1330515877364	12.0183323082774	12.4439145805592	10.9687345056972	11.7752381516778	12.2603927813145	10.2584488336195	12.0212750807545	10.5495077018169	12.7230269384107	11.7037216852092	11.1562987107578	9.7464902572295	6.78826400121742	9.28059759399213	11.1829052338889	9.19992579666929	10.8982639517532	10.4106177836303	10.1499071918882	11.5955192169593	11.0651667115557	7.80424242838964	7.7494130806163	8.37271388255689	11.0154986844577	9.78688554030556	11.312398342656	9.75318662776921	7.93669437768634	10.6494925570242	8.41145470992192	10.5537176480839	8.94691033396865	8.60573119466805	8.4966529430289	9.68091068388646	9.8460855806674	8.66400708507727	8.90326884088541	7.67613371792347	7.82422575223424
"k__Bacteria|p__Proteobacteria|c__Alphaproteobacteria|o__Caulobacterales|f__Hyphomonadaceae|g__Oceanicaulis|s__hex_7"	13.8855212312008	13.5655551726596	12.9055247470094	14.3804886231832	13.1255413877108	13.801470588292	12.9823632228049	13.1470793884566	12.4462289110608	12.9724788349862	13.3252366154034	13.6942128000784	11.8211288055259	12.8216602302503	13.0672529879263	12.3341368156623	12.6124220649444	12.2451611321106	12.5877432111247	10.9637448128425	12.5471383347561	12.1935379688346	12.3088236628715	12.2801474813434	12.8664596547652	11.6213246885368	10.3579426574624	12.6549014815832	10.2665162802974	11.5466801398931	10.6358525489654	11.4411161600063	11.8342403943949	10.5210513201479	11.3047337348421	11.6977639752997	9.80832383439407	11.4831491477132	10.142273858726	12.1505059127748	11.0895783558426	10.7063449829387	9.32349749413757	6.49456571435932	8.73408629272467	10.5149081704648	8.63550564390336	10.453633705874	9.93793612989847	9.64686875980351	11.1738995420277	10.5950995700633	7.45932278379784	7.27635701164656	7.76407447081732	10.5438438328699	9.4061178593146	10.8575192979194	9.30211399862375	7.44561650187145	10.0635015231346	7.94740438958396	10.0746845228211	8.49039880581661	8.00906132087829	8.0775598611914	9.39602089110675	9.12706454648255	8.2168116966197	8.55071939274967	7.28291219270084	7.43014407224296
"k__Bacteria|p__Bacteroidetes|c__Bacteroidia|o__Cytophagales|f__Cyclobacteriaceae|g__Algoriphagus|s__hex_8"	13.9755394118681	8.47324289660199	14.3213732141905	7.66164615803612	12.2804934873754	6.91600457474342	13.6810330285208	7.14385524669696	13.3033638875709	8.82868908261447	12.0511484257388	9.1048915457474	13.2302234534897	10.6675781214172	7.38945208908437	7.22555572922102	6.90188141782683	14.1576015326381	11.6075219592744	6.51117672331943	10.9400659981965	6.88214247361585	13.6739580044347	6.99192403523092	7.51128176991118	10.8444288555741	13.0154361140335	8.03348006227038	13.8958552783359	12.2465426843642	5.20429747528873	9.84582555425504	8.43638722834582	5.38686556918315	8.12351513743334	12.0592317810852	3.4877025612656	8.11710352485781	12.4815079458284	7.39046094843356	11.4177950198815	0	11.021646554152	11.46844826325	11.2266369438404	12.1620846534743	7.63545910310167	4.92183087628761	11.5882544288346	8.26469884631503	11.8304538338611	5.02274922239343	10.2417110741654	10.9610474034768	10.4833411808554	10.8417530257518	3.59282461849413	0	10.0543904310009	7.76191228052849	9.01526831774042	12.0343197554374	11.5702109961949	9.67640857818541	10.8902104279169	11.1488672873191	6.19497491160966	10.9318121442774	11.5464655545001	9.91498223253535	8.78487760192858	9.24853279410487
"k__Bacteria|p__Bacteroidetes|c__Bacteroidia|o__Cytophagales|f__Cyclobacteriaceae|g__Algoriphagus|s__hex_12"	13.3609631466354	7.81737641473546	13.7612913494369	7.26296482974249	11.7502836907603	0	13.1634579256758	6.36183381239055	12.7362015810503	8.45247919537284	11.446138060969	8.51558079744501	12.6524772890313	10.1439377128209	7.31462484581522	6.9082553814575	6.25212115351315	13.5706500196434	11.0215435896338	6.01692370108815	10.3892186136007	6.24514957319897	13.0484295303748	6.40096020041889	6.97330979803806	10.3230547603416	12.5288020221489	7.56089706945023	13.4215821227974	11.6515500486542	4.82067344688015	9.33826441511211	7.91757962180881	5.20520047618984	7.55086556571834	11.5482198573542	0	7.78969503066277	11.9087396509692	6.80979131847684	10.8529961296615	4.84281761306676	10.5519107665655	10.9469991154219	10.6806922886772	11.622475512404	7.184845214684	0	11.1082467854899	7.76912942473925	11.3549156096657	4.82635024403814	9.7392589833303	10.4919698455998	10.0261725265151	10.3789017224124	0	4.33321533816491	9.53997964055755	7.24753324746122	8.10508143323364	11.5697233378434	11.2140015152981	9.23937602565987	10.5241223678915	10.7427755163656	5.79559695118143	10.3633453021769	11.0759651718387	9.36710715587545	8.31571670808623	8.7708026867064
"k__Bacteria|p__Proteobacteria|c__Alphaproteobacteria|o__Sphingomonadales|f__Sphingomonadaceae|g__Altererythrobacter|s__hex_23"	8.45874398734516	7.91498826006114	7.58863490444621	8.17935622737514	6.55299448154143	7.77455035819935	7.09991438016145	6.99298519722312	6.3537824630807	8.44808661058419	8.7120995203996	6.73149768188789	7.95523333753467	8.82213390375322	7.50613665313877	6.22629432018666	7.53193345059082	7.53222754509872	6.70370631972546	6.85498459430333	6.74287732218587	7.6677444236559	8.73384543081633	6.9445298873137	8.14038723333734	8.69737645340281	8.88283337187681	9.09022214178668	9.9941852807842	9.56118185294572	6.49874382606688	9.14036654477286	7.06796984047699	7.61416315473244	6.13572302310583	7.50977500432694	7.99998748211472	8.83662449123221	8.18631128159886	7.21706831887376	8.42230060341847	8.05298780842155	7.77391510561078	11.0503294858484	12.1134405769976	9.13163683121253	10.7274637561535	9.02647094066672	6.76099655177393	7.44106103739129	7.15836840237119	5.81707932178518	10.7560216770982	10.5679569040046	11.252367317935	7.48317085322987	7.94059039857112	5.1874753241512	7.80078332792275	10.9312378454354	7.10687283090701	7.53080551051145	7.03019384329021	9.66263228717856	7.64930479335904	6.08341167239564	5.47863999844434	7.82881300600744	7.26238625961404	7.95175373857589	9.42044462228053	8.78352680607148
"k__Bacteria|p__Proteobacteria|c__Alphaproteobacteria|o__Sphingomonadales|f__Sphingomonadaceae|g__unclassified_Sphingomonadaceae|s__hex_17"	7.87057784700581	9.9823181380878	7.51862027458676	10.8392912851428	8.11351446347553	10.0736685701786	7.65977839962193	10.0363761833921	8.11478799268161	10.7937885329487	10.4551105649343	9.33817203797187	8.19635650412982	10.0343668244546	8.96050922319548	8.36911697512706	10.5440326552555	12.0118827390412	8.75376014927308	7.90546612996798	7.73612657405481	11.123739487954	8.92390349025526	11.8236107270081	10.0562474049906	6.42132232081417	7.74765199873963	11.1732337395046	7.73868281651548	10.1419651924083	8.38926484273661	8.29106510922868	9.15473082903508	10.1146185419027	9.4364439121171	8.21350930038046	10.1827191857871	8.90949519732225	5.89396079058497	9.60086107289502	8.95333523528123	10.7521806901718	6.31837474136473	10.11226120131	10.8092660271331	10.7445759581824	9.21147426851865	9.56435287619966	6.92726330006008	9.27179648336429	6.80950450711737	8.69498788857435	9.18023005243683	8.62278268985049	10.0536853902567	7.26040209302579	10.0205701470325	7.82384304484617	7.61967472973959	10.2628415906907	7.75136787357982	5.40676734591008	5.6181550876412	8.53572889901617	5.48485687105167	4.995856511815	8.51031463217721	9.85335791646332	4.78048890062353	7.04409305034858	9.01130506187674	8.21964261660683
"k__Bacteria|p__Proteobacteria|c__Alphaproteobacteria|o__Sphingomonadales|f__Sphingomonadaceae|g__Altererythrobacter|s__hex_31"	7.97705266566576	7.86157670231342	6.74662151962079	7.69297060279056	5.39175420003458	7.16505742217887	6.68125269822104	6.60420281232676	6.12468571560179	7.93591030938875	7.98678703237954	6.24915538785106	7.38783256811439	8.3811030112425	0	5.53121583504817	7.05374571205823	6.78785195360575	6.21314354679407	6.59444061452573	5.613682405467	7.13114995992294	8.46889413466099	6.54773521070027	7.28655456193655	7.81076062996522	8.68132208750447	8.48065942008366	9.42419565904755	8.95419631038687	6.13637210351821	8.50992190992244	6.49472837628271	6.94141083907734	5.30148899155253	6.96530330614758	7.77561210880443	8.29517999838939	7.57462286501676	6.79157764474961	7.85311033142165	7.52883281011801	7.26651411618769	10.5180540025404	11.6091918494128	8.49380121381923	10.2003555690787	8.5460925900434	6.06071183940813	6.93083670699096	6.60850584365834	5.40513875419836	10.2353692211381	10.1283547175104	10.7722556910921	6.86839045305445	7.68879489000917	5.00586111827651	7.46348755338881	10.4691671620132	6.42405575864828	6.96887811487366	0	9.18992380929005	6.89812406361865	5.65687278788924	4.97893374807846	7.3047477889411	6.72236617888074	7.5211049528328	8.9025289346865	8.3642961240045
"k__Bacteria|p__Proteobacteria|c__Alphaproteobacteria|o__Sphingomonadales|f__Sphingomonadaceae|g__unclassified_Sphingomonadaceae|s__hex_22"	7.47327180361969	9.56775597901558	6.97292306237702	10.3396438417444	7.42429251237049	9.62611339269453	7.02308943117074	9.39234541576602	7.57709894852617	10.1432881187682	9.99648565395219	8.76771317447779	7.74740498010973	9.54252994769985	8.36055573269887	7.94611109728215	10.0074738640984	11.4618720125123	8.19469615824428	7.47508994924477	7.26318729964083	10.5679171699556	7.92687081587596	11.2109119619474	9.44498044329048	6.27557678900618	7.34788496598914	10.5061765231381	7.27469173878025	9.47483259107394	8.04195369420946	7.8333596729369	8.61106867009017	9.65366097700614	8.93841231793323	7.72394530334278	9.71379604560319	8.31891577811171	5.53127441257317	8.93483626875139	8.37163756634387	10.2582844546944	5.20240352140317	9.58973348159182	10.2757707961994	10.0846472973273	8.66820029399596	9.10635122327094	6.33950038152778	8.75238767464461	6.40089661255226	8.36810489713263	8.81468838979344	8.07428380399951	9.5957893499373	6.74038793246835	9.58536278320527	7.58924575854928	7.237543737246	9.89463376893417	7.09997063115243	4.76098536694089	0	7.97552882557253	5.30792246723156	4.60288723183341	7.90083866607026	9.23122118071119	4.25569569484634	6.66701677752299	8.53866225690608	7.88747664809601
"k__Bacteria|p__Proteobacteria|c__Alphaproteobacteria|o__Rhodobacterales|f__Rhodobacteraceae|g__unclassified_Rhodobacteraceae|s__hex_28"	8.66849460539532	9.59091529323664	8.11684164250759	11.3258259491608	7.99490981752171	7.45820398106012	7.63048171323807	10.0336176755179	8.47493686552295	9.81350631720255	9.79940116273148	9.20530727288983	7.84624030079489	8.90043920291097	7.36493838141234	7.20764305594494	8.32005169079509	8.86754214287312	8.36954525805685	8.73230557722956	6.90912559999183	9.01016408693332	7.60642409824187	10.3402414668318	7.67667014790652	8.65168486873611	8.91603254743565	8.79443270207133	10.531401910594	8.69271235611648	6.34596993375812	7.30565357624035	8.08486841157584	8.07779399122513	9.84504236303166	6.91637711734024	7.92285414868279	7.54086634479167	7.94574581336298	7.10353514327801	8.62258785113844	7.13147453647378	7.50273166065981	10.4142617173247	8.58601692486745	8.62990221273038	8.87736854579407	8.61546894881488	5.48124290702796	9.38201545353259	7.37057339477965	8.74934777335587	9.09383021940369	8.59486092632595	9.32466818635054	7.71177020386319	8.37568042340289	7.67288589905151	8.70714145831987	8.52047747812576	6.87587057780827	7.41758658451706	5.94648421649143	7.79847585058477	6.60558143267073	7.92360935389426	8.3861488994773	8.09461306608581	8.11320430116995	6.31303765813589	7.49807024398163	6.9496732437288
"k__Bacteria|p__Proteobacteria|c__Gammaproteobacteria|o__Alteromonadales|f__Marinobacteraceae|g__Marinobacter|s__hex_21"	0	0	0	0	0	0	0	0	0	0	0	0	0	0	0	0	0	0	0	11.2169539559739	0	0	0	0	0	0	11.2863863933942	0	10.9914970698892	0	9.80006351300799	0	0	10.0180486518565	10.4115730597793	0	9.77506139693461	0	10.3859287275037	0	0	9.47500663095336	10.2931121553001	10.3195287069624	10.0163908977743	0	10.1277697038289	9.32836966500288	10.0172660252024	10.0358156366021	10.0841533701649	9.85915119212173	9.95647062383505	10.0838486980157	9.9153224314609	9.6977321257776	9.4243039866913	9.81139007341462	9.38920013226719	9.0338715419485	0	9.50138555105096	9.25710177667493	8.58316460654588	9.34796167188617	9.17737925314553	9.06096670364805	0	8.80692195703765	9.01198405619588	8.76039748355575	7.46116515701482
"k__Bacteria|p__Proteobacteria|c__Alphaproteobacteria|o__Rhodospirillales|f__Thalassospiraceae|g__Thalassospira|s__hex_60"	0	0	0	0	0	0	0	0	0	0	0	0	0	0	0	10.8443044040061	0	0	0	0	0	0	0	0	0	0	11.1451273379563	0	0	0	0	8.85080782860302	0	0	0	0	0	0	0	0	0	0	0	0	0	0	0	0	0	0	0	0	0	0	0	0	0	0	0	0	0	0	0	0	0	0	0	0	0	0	0	6.44049512008042
"k__Bacteria|p__Bacteroidetes|c__Bacteroidia|o__Flavobacteriales|f__Flavobacteriaceae|g__Muricauda|s__hex_27"	10.6521231064456	10.5883365729957	6.26655872575765	7.69297060279056	8.83694711378169	9.81825686689354	8.17293561794405	8.7558686073572	8.10909499416148	10.9037334889215	7.50363336452756	8.83740072671015	9.21733685977927	9.02994734825219	9.29489328239721	10.1270487833666	9.17490359372821	8.4465383594285	7.42653613595452	10.424132482354	10.6722608666774	7.44376754679747	10.7420859769652	8.04134943946499	7.02792130830915	6.01188496915285	4.8499406219669	7.46367259717747	7.55775154109005	10.2818012666322	9.16353237295206	9.37904724913313	9.44664815347234	6.17319473508665	7.01730310225943	10.3279736026139	8.45924770859885	9.32945910353108	7.55135102116663	8.25271869139877	9.1038678750046	7.5345155829573	5.93690343289369	7.70215576089996	7.4772070943597	7.22264506195137	5.50983780732223	7.95361249287828	9.58113589010537	10.0307250867453	8.14307775811553	10.9566044505012	7.07214292409444	4.93746425570964	6.66819123908986	8.29001884693262	7.55055756706821	10.0503751366265	5.64411611141148	5.64735497325953	7.41563059077369	5.78802894078499	7.58027039576141	7.29026546037611	6.4736027174027	5.8356795276434	8.67651604182524	5.94169595493947	5.71309814626994	8.07214955396511	7.36313921231287	7.54108022405463
"k__Bacteria|p__Proteobacteria|c__Gammaproteobacteria|o__Alteromonadales|f__Marinobacteraceae|g__Marinobacter|s__hex_26"	0	0	0	0	0	0	0	0	0	0	0	0	0	0	0	0	0	0	0	10.738668630547	0	0	0	0	0	0	10.8556585736394	0	10.5038743745282	0	9.41769817468346	0	0	9.52263979293081	9.86272523496175	0	9.46990575160042	0	9.87572632115815	0	0	9.26886760872004	9.80882319121648	9.81185840567171	9.70538891537975	0	9.6398090728171	8.91183049312813	9.48858323329676	9.51322996618198	9.54976723938207	9.42589497306465	9.48718789637793	9.57331646849476	9.44498318412505	9.3082480054988	8.77845419908987	9.17996627061148	8.85481223852794	8.78886163179916	0	8.98862458750562	8.52826201273354	8.25099696179783	8.77949327937285	8.86948347488153	8.57963680851144	0	8.35911266525957	8.55359997753433	8.37335346961021	6.9734674671183
"k__Bacteria|p__Proteobacteria|c__Alphaproteobacteria|o__Rhodobacterales|f__Rhodobacteraceae|g__unclassified_Rhodobacteraceae|s__hex_34"	8.08303489958475	9.15779013241747	6.82606546686974	10.813395233514	7.55580442349689	6.90162567422637	7.23256716948909	9.37283450397288	7.7913193129454	9.15403351471748	9.05463937204416	8.62051240512018	7.38296306842982	8.21399206713391	7.20840659698941	6.61401642701383	7.75518300922927	8.25391159967854	7.96932775885376	8.32809046157068	5.81333377454703	8.36992253824891	7.15564433574282	9.81610764577975	6.8401284193016	8.31581553422071	8.65272023798605	8.07218468244583	10.1977408017885	8.05829244085112	6.01359469083151	6.58463433952945	7.60156544943775	7.67658553652727	9.37205036868553	6.32493058304889	7.47058615412758	7.17998449966678	7.43749134900258	6.22673250037953	8.01127951467528	6.74703815333214	7.02649138277893	9.84033200745117	7.97907876909976	7.94464627703283	8.44320380174437	8.07116404143664	4.61779817006273	8.91993992212967	6.66680801864992	8.19559658337947	8.73870578156672	7.90444455054626	8.66659232151239	7.21451341008002	7.82800638625809	7.29141330956503	8.13257499015277	7.86188958415583	6.45684072591901	6.90527117505512	6.04118945162174	7.30046842610079	6.27267623706754	7.54264001973491	8.07555706502772	7.55123381467149	7.71090916003752	5.90741762231078	6.79224400467806	6.55252739411917
"k__Bacteria|p__Proteobacteria|c__Gammaproteobacteria|o__Alteromonadales|f__Marinobacteraceae|g__Marinobacter|s__hex_32"	0	0	0	0	0	0	0	0	0	0	0	0	0	0	0	0	0	0	0	10.3382824520082	0	0	0	0	0	0	10.6644277480119	0	10.3836665345828	0	0	0	0	0	9.80088257447974	0	0	0	9.72960692111818	0	0	0	9.63621594464581	9.48706096479923	0	0	9.22374590016823	0	9.02410655899618	9.42568313297852	9.43912224953652	9.32283322600587	9.12915029953367	9.23915214455153	9.14387011707294	9.2608725012731	8.78651066826476	9.08392248354509	8.92387618369695	0	0	8.85612769069568	0	8.11886708538125	8.71206005037006	8.65224063962722	8.28411899406203	0	8.23297682396433	8.16077369472879	8.06994913296466	0
"k__Bacteria|p__Bacteroidetes|c__Bacteroidia|o__Flavobacteriales|f__Flavobacteriaceae|g__Muricauda|s__hex_33"	10.0018694802852	10.0387505639907	0	7.30411889303764	8.43154898076187	9.21967574879531	7.7913482143393	7.98159733872061	7.33521480282123	10.2989629025615	6.90628885407251	8.15413659719679	8.55567110785864	8.26092118273711	8.73996172772477	9.53616737548147	8.80704140732461	7.63426231234654	6.84576064565823	9.93892481410186	9.97558140079982	7.09457933024237	10.2164736725922	7.47143613989636	6.33342175138992	5.03407067608969	4.47543651293022	7.04252413200541	7.13811961006833	9.72071928217678	8.64677002824081	8.70746463025316	8.95490514355863	5.85625602006747	6.40609312577502	9.70267774227282	7.8413628040787	8.74879826252886	6.88798484236781	7.78964721279084	8.57270317748695	7.16849304594918	5.49977534827176	7.34558222839574	6.90475252889653	6.73556930161069	4.98743387599059	7.42931591951674	8.96442164662341	9.66131403781159	7.6560974959898	10.5207887083307	6.55769094133919	0	6.05155122112319	7.71616782979715	7.15788529304491	9.70696236217632	5.5249740096501	4.815398642844	7.10687283090701	5.43707049505744	6.63410473462657	6.70222880114022	6.15449640205091	5.19626623985968	8.26675378455515	5.2752342462987	5.58293583970919	7.53283022970167	6.96715406064311	7.03195741660048
"k__Bacteria|p__Proteobacteria|c__Gammaproteobacteria|o__Alteromonadales|f__Marinobacteraceae|g__Marinobacter|s__hex_36"	0	0	0	0	0	0	0	0	0	0	0	0	0	0	0	0	0	0	0	10.0035208242602	0	0	0	0	0	0	10.1652245199459	0	9.81089740477166	0	9.11084618465764	0	0	9.0297245688053	9.37479160617932	0	8.84240898785089	0	9.25997775701355	0	0	8.73939192287898	9.10463906295888	8.88664983390959	8.75530532709065	0	8.81059766931461	8.41562983869818	8.66639911511829	8.95651648269373	8.97877087304991	8.77053089464788	8.58657972558396	8.70344502241709	8.68569909006886	8.69946834646142	8.17549842405286	8.58729256051306	8.39135004103151	7.94607010956422	0	8.30457193771522	0	7.7157596537462	8.36488461186844	8.10771641993892	7.88242928826132	0	7.76971208093655	7.53720275612343	7.48617644283302	6.04558305581084
"k__Bacteria|p__Proteobacteria|c__Gammaproteobacteria|o__Alteromonadales|f__Marinobacteraceae|g__Marinobacter|s__hex_47"	0	0	0	0	0	0	0	0	0	0	0	0	0	0	0	0	0	0	0	0	0	0	0	0	0	0	9.57812727715785	0	0	0	0	0	0	9.63357076430317	0	0	0	0	0	0	0	0	0	0	0	0	0	0	0	0	0	8.91450598491491	9.50575042777534	8.92145706291779	0	0	0	0	0	0	0	8.38837789706651	0	8.25712157476927	8.86382370139238	8.79344368057572	8.40015294108015	0	7.97779225951925	8.32065787908629	0	6.73555295442055
"k__Bacteria|p__Proteobacteria|c__Gammaproteobacteria|o__Alteromonadales|f__Marinobacteraceae|g__Marinobacter|s__hex_50"	0	0	0	0	0	0	0	0	0	0	0	0	0	0	0	0	0	0	0	0	0	0	0	0	0	0	9.06554682574826	0	0	0	0	0	0	8.93075197284656	0	0	0	0	0	0	0	0	0	0	0	0	0	0	0	0	0	8.41996956220249	8.86238468915121	8.2999079565952	0	0	0	0	0	0	0	7.79195300679798	0	7.54176299722182	8.3741684896573	8.07501812794817	7.88385376436999	0	7.29816513087579	7.79626916447362	0	6.12521511261486
"k__Bacteria|p__Proteobacteria|c__Gammaproteobacteria|o__Alteromonadales|f__Alteromonadaceae|g__unclassified_Alteromonadaceae|s__hex_19"	0	7.44860540063471	8.13255246695652	0	7.42429251237049	7.02615067129585	7.97737300960769	7.00430077670262	7.07979916623442	7.54973444398776	0	8.13655106208868	0	6.03377821390928	0	8.36911697512706	0	6.0637504068779	7.52637414563695	0	0	0	0	6.69246883315567	0	8.39357973368341	0	6.96237160416177	6.44317540310544	0	7.5173502606101	0	5.97340815870625	8.83234172597121	0	0	6.6702181598974	0	7.47507812227042	6.42880069320158	0	8.91085465904587	0	6.05644796433254	5.31854874950837	0	0	0	0	0	0	0	5.63205503193683	6.5897803759321	6.31673508030202	4.58736499093646	0	0	5.85641150778866	8.39087631283885	0	0	0	0	0	0	0	0	3.68938538816255	0	4.692697981103	4.18352587780778
"k__Bacteria|p__Proteobacteria|c__Gammaproteobacteria|o__Alteromonadales|f__Alteromonadaceae|g__unclassified_Alteromonadaceae|s__hex_2"	0	0	0	0	0	0	0	0	0	0	0	0	0	8.56864637735298	0	0	0	8.03687641566961	0	6.32867850350089	8.71288685952094	0	8.59797651685506	0	6.25710049226936	8.07272373535032	0	0	0	7.70582434997774	0	7.60163294445865	0	0	6.5094919051863	7.92283213947754	0	7.17052761212932	0	0	7.47277623304272	0	0	0	0	7.63871218823067	5.30332443522787	6.45630463560681	6.1630459544884	5.02665129722347	0	5.88080522103574	0	0	0	0	5.76231395783411	6.24246233893741	0	0	7.63203856622077	0	0	4.86507434808917	0	0	5.30237529746596	5.1548311893232	0	0	0	0
"k__Bacteria|p__Proteobacteria|c__Gammaproteobacteria|o__Alteromonadales|f__Marinobacteraceae|g__Marinobacter|s__hex_61"	8.5795501438687	6.93135959120242	7.71922755708884	7.65105169117893	8.36136856513918	7.75868202057857	8.16273927436164	7.39662625040118	7.51817639142644	6.6898082319729	7.43689768058146	7.3040722168402	6.88040581996442	7.18447894939622	8.07340028881332	7.50028740903456	6.69564405153944	7.03171455792387	7.33312433205964	5.49156691017954	7.11978563601639	7.32250800921977	7.30275547789137	7.30877890786443	7.41504530469748	7.30967696498526	0	7.10494497023463	0	6.32992088564089	0	5.76801092045681	6.59573311658529	0	0	6.91637711734024	4.64324078210883	6.50034043068565	0	7.27721131442343	5.69429007667982	0	0	0	0	5.10950840730456	0	5.07444017455821	0	0	0	0	0	0	0	0	5.1959671352803	0	0	0	0	0	0	0	0	0	0	0	0	0	0	0
"k__Bacteria|p__Proteobacteria|c__Gammaproteobacteria|o__Alteromonadales|f__Marinobacteraceae|g__Marinobacter|s__hex_62"	7.56392253238369	6.60720051078575	0	7.11663276016565	7.72371222639271	7.31364341202532	7.84334660042036	7.37063057345232	6.71028008652145	5.61245048437244	7.38827516083841	6.85491946386431	5.80065161391491	7.63485431752099	0	8.4551374459453	7.7373445710143	7.18368346185211	7.59121256969081	0	7.75566393781048	7.34343899245285	6.59489582502836	7.56529126723847	7.57554448455131	8.19938366148555	0	7.16477669250778	0	6.4262647547021	0	0	6.48518557157704	0	0	7.28732760956693	0	7.34460498994663	0	8.53863743711912	6.10016287732775	0	0	0	0	5.60848025409881	0	0	0	0	0	0	0	0	0	0	0	0	0	0	7.3356254170229	0	0	0	0	0	0	0	0	0	0	0
"k__Bacteria|p__Proteobacteria|c__Gammaproteobacteria|o__Alteromonadales|f__Alteromonadaceae|g__unclassified_Alteromonadaceae|s__hex_29"	8.08303489958475	0	0	0	6.59437559642249	0	7.66701054887743	0	0	6.9848809779553	0	7.41763411665349	6.5735531604728	6.28796811656357	0	7.81619476398865	6.21822566652671	0	6.78658428058611	0	0	0	0	5.78917216063496	0	7.75685061995296	4.73557772004196	6.10863278754908	5.84908244274781	0	6.70459336310203	0	0	8.19818972839801	0	0	5.91955695142082	0	6.83114540888937	0	0	8.18530889713708	0	5.3103685437135	0	0	0	0	0	4.15435010906423	4.21766763174215	0	4.85205083375179	6.26941952420391	5.62756294548564	4.16671544496642	0	0	5.33196596419254	7.90339100710018	0	3.88093554175509	0	0	0	3.90954076143804	0	0	0	0	4.32980257740109	0
"k__Bacteria|p__Proteobacteria|c__Gammaproteobacteria|o__Alteromonadales|f__Marinobacteraceae|g__Marinobacter|s__hex_57"	7.69450391998771	6.95194928048841	0	7.42097388140183	0	7.79024605565499	7.73740537317918	7.14385524669696	0	0	7.28581942061838	7.07399134284452	6.37205435437584	6.87540579298032	0	8.01467736665649	7.74331525801535	6.25892204189325	0	7.91311831212166	0	6.97895292394355	6.39073926943172	7.26700618030064	7.4780440945694	0	6.08037341646402	6.70015218549622	5.7017971838352	5.90421646131019	8.13078781136186	0	0	7.1316787165052	6.24762844606643	0	6.81954358137105	6.46982398623149	6.05706257114313	6.96412641598744	5.55783644516965	7.26735998689293	0	0	5.49710256976732	0	0	6.49889004613214	5.89216219242275	4.55587800826497	0	5.6164330243754	5.79270996099527	0	0	0	6.63460278964557	0	0	5.93789787726887	0	0	0	5.61880344810974	0	4.8488684572947	0	0	0	4.78694695107251	0	0
"k__Bacteria|p__Proteobacteria|c__Gammaproteobacteria|o__Alteromonadales|f__Alteromonadaceae|g__unclassified_Alteromonadaceae|s__hex_3"	0	0	0	0	0	0	0	0	0	0	0	0	0	7.45049406656862	0	0	0	7.42242338196924	0	0	8.07625630452943	0	7.94938008820788	0	0	7.36220169722585	0	0	0	6.9962380812038	0	7.03246085201972	0	0	0	6.8912774056027	0	6.24500203887072	0	0	6.46315509957017	0	0	0	5.19974458252713	6.92531210893095	0	0	0	0	0	0	0	0	0	0	0	5.44706738782126	0	0	6.71352218095461	0	0	0	0	0	0	0	0	0	0	0
"k__Bacteria|p__Proteobacteria|c__Gammaproteobacteria|o__Oceanospirillales|f__Pseudohongiellaceae|g__Pseudohongiella|s__hex_87"	0	0	6.32242133333423	0	6.51039128424181	6.73320818653395	0	0	0	0	4.53289683281753	0	0	3.23498366063185	0	0	0	0	0	1.82790322854505	1.96605266807666	0	4.42008911846206	0	4.8774179775349	5.65568855286216	0	0	0	4	0	0	0	0	2.05331942195096	0	0	4.92457342817791	0	0	3.02947215120611	5.16934070147042	0	6.39337997562365	3.31294974120012	0	5.5929162716975	0	3.56009090989392	0	4.5318677948304	0	5.7435062732656	4.58246220752335	7.97976262455709	0	3.64101530594066	0	0	0	0	2.46008104247941	0	4.98800516803461	0	0	0	0	0	0	0	0
"k__Bacteria|p__Proteobacteria|c__Gammaproteobacteria|o__Oceanospirillales|f__Pseudohongiellaceae|g__Pseudohongiella|s__hex_101"	0	3.91026137994776	0	3.84130225398094	0	0	0	6.02663581583074	0	0	0	0	0	0	0	2.89985760471404	0	0	0	0	0	0	0	0	0	0	0	0	3.76419884880696	0	0	4.44243651196911	0	0	0	0	0	0	0	0	0	0	0	5.8065155114091	0	0	5.10531612657896	0	0	0	0	0	5.2034773165274	0	7.43532964069348	0	0	0	0	0	2.48678210678225	0	0	4.2448594455727	0	0	0	0	0	0	0	0
"k__Bacteria|p__Proteobacteria|c__Alphaproteobacteria|o__Rhodobacterales|f__Rhodobacteraceae|g__unclassified_Rhodobacteraceae|s__hex_71"	0	5.48734643107691	0	6.11161871006273	0	4.83516161759562	4.60727016260862	6.39660048729965	4.82235165437081	6.48207230779957	5.55272425324452	5.59856477494248	4.97609049836075	0	0	0	5.58203371029945	6.73633637483186	3.8173236798539	4.74528294380443	3.48212786607165	0	4.42008911846206	4.93628182058856	4.9759471797184	0	3.66920955446224	5.19462928728354	0	5.10153802646206	3.98417392307638	4.5131155667499	5.56600424847076	4.85032611259553	0	3.63903917347695	5.00437959366788	4.48006547184916	0	0	4.74721002316093	5.10968219577033	0	6.67785160708851	7.1108640607285	4.6582726117391	5.09109694383525	5.19774213505692	0	4.49266110253444	5.07451301727347	5.33861369709728	6.29039331513674	5.38148574881304	5.53143613243596	3.71808758396052	0	4.18914291698645	4.40464295730292	4.1836869026868	0	0	0	4.39206300388736	3.46381138836683	0	4.2440283352839	4.33066215478547	0	3.47483107147584	4.48128647874865	3.46418149685531
"k__Bacteria|p__Proteobacteria|c__Gammaproteobacteria|o__Alteromonadales|f__Marinobacteraceae|g__Marinobacter|s__hex_38"	0	0	0	0	0	0	0	0	0	0	0	0	0	0	0	0	0	0	0	0	0	0	0	0	0	0	0	0	0	0	0	0	0	0	0	0	0	0	6.972177512361	0	0	0	0	0	0	0	0	0	0	0	0	0	0	0	0	0	0	0	0	0	0	0	0	0	0	0	0	0	0	0	0	0
"k__Bacteria|p__Proteobacteria|c__Gammaproteobacteria|o__Alteromonadales|f__Alteromonadaceae|g__unclassified_Alteromonadaceae|s__hex_108"	0	0	0	0	0	0	0	0	0	0	0	0	0	1.26455116964011	0	0	0	1.55482678274784	0	0	0	0	0	0	0	6.90476742371555	0	0	0	0	0	0	0	0	0	0	0	0	0	0	0	0	0	6.10845634890416	5.83936939316446	0	0	0	0	0	0	0	0	5.33029956536343	4.98152089689911	0	0	0	0	0	0	0	0	0	0	0	0	0	0	0	0	0
"k__Bacteria|p__Proteobacteria|c__Gammaproteobacteria|o__Oceanospirillales|f__Alcanivoracaceae|g__Alcanivorax|s__hex_9"	0	0	0	0	0	0	0	0	0	0	0	0	0	6.23522541483087	0	0	0	5.7367558848787	0	0	6.28604728707818	0	6.79043161902114	0	0	5.90264112260716	0	0	0	6.08037341646402	0	5.21047462218945	0	0	0	0	0	4.90189299941901	0	0	4.6786686911174	0	0	0	0	4.91857406037523	0	0	0	0	0	0	0	0	0	0	0	0	0	0	5.08298936467103	0	0	0	0	0	0	0	0	0	0	0
"k__Bacteria|p__Proteobacteria|c__Alphaproteobacteria|o__Rhizobiales|f__Devosiaceae|g__Devosia|s__hex_126"	0	0	0	0	0	0	0	0	0	0	0	0	0	0	0	0	0	0	0	0	0	0	0	0	0	0	0	0	0	0	0	0	0	0	0	0	0	0	0	0	0	0	5.82338737111479	0	0	0	0	0	0	0	0	0	0	0	6.67720422557158	0	0	0	0	3.23059983362366	0	0	0	0	0	0	0	0	0	0	0	0
"k__Bacteria|p__Proteobacteria|c__Gammaproteobacteria|o__Oceanospirillales|f__Alcanivoracaceae|g__Alcanivorax|s__hex_41"	4.73379872107445	4.57331499125411	6.14789307318942	0	5.76231395783411	0	0	0	0	3.4039036411484	5.14789566047577	0	5.39904761373194	6.63192958007018	0	0	0	0	0	4.56273630248834	0	0	0	0	0	5.31554918232466	0	0	0	3.13385574673479	4.69312360232603	3.28297711316281	0	3.98654610976446	0	0	3.42940627674745	0	5.17307945760898	0	0	5.83598592745771	0	3.93081437374183	0	0	0	3.52636433538935	0	0	0	0	4.19059052387857	0	3.40056927582412	0	0	0	4.7325723390819	3.74202687999819	0	0	0	0	0	0	2.6693228417746	0	0	0	0	0
"k__Bacteria|p__Proteobacteria|c__Alphaproteobacteria|o__Rhodobacterales|f__Rhodobacteraceae|g__unclassified_Rhodobacteraceae|s__hex_85"	5.43474567747119	0	5.87653560640735	0	0	0	0	0	0	5.84405980692833	5.00778271931311	0	0	5.76277222433742	0	0	0	0	0	0	0	0	0	4.72813318777231	0	0	0	0	4.45805522002036	4.31389077582194	0	0	4.88447364119416	0	4.93619632284227	0	4.42192088058152	0	0	4.10314381784339	3.61057643939429	4.51512511890837	0	6.25409763250919	6.61088123494478	4.43860798023308	4.58240312553177	0	0	4.30914193993152	0	4.72582236699715	5.24447562947113	5.05563230698123	4.86013545391778	3.16992500144231	3.90056990623916	0	4.22169597187041	4.49604653423134	0	0	0	3.91374806450642	0	0	3.97134256830788	0	0	2.68566308113682	3.95151721019099	2.81679407617605
"k__Bacteria|p__Proteobacteria|c__Gammaproteobacteria|o__Alteromonadales|f__Alteromonadaceae|g__unclassified_Alteromonadaceae|s__hex_129"	0	0	0	6.58217683652127	0	0	0	0	0	0	0	0	0	5.1724520559348	0	0	0	4.86298567940762	0	0	0	0	0	0	0	4.30914193993152	0	0	0	0	0	0	0	0	0	0	0	0	0	0	0	0	0	0	0	0	0	0	0	4.25936744595735	0	0	0	0	0	0	0	0	0	0	0	0	0	0	0	0	0	0	0	5.10232514997692	0	0
"k__Bacteria|p__Proteobacteria|c__Gammaproteobacteria|o__Alteromonadales|f__Alteromonadaceae|g__unclassified_Alteromonadaceae|s__hex_130"	0	0	0	0	0	0	6.11039312297405	0	0	0	0	0	0	5.38104838864647	0	6.40982968817646	0	0	0	0	0	0	0	0	0	5.08496466739514	0	0	0	0	0	0	0	5.82510047224756	0	0	0	0	5.39846875802824	0	0	0	0	0	0	0	0	0	0	0	0	0	0	0	0	0	0	0	0	0	0	0	0	0	0	0	0	0	0	0	0	0
"k__Bacteria|p__Proteobacteria|c__Alphaproteobacteria|o__Caulobacterales|f__unclassified_Caulobacterales|g__NA|s__hex_103"	6.02282244680714	4.7716632149143	0	5.07007123836505	5.34402905439435	5.53943745814722	5.27058971430267	4.64801764624547	4.20689705693186	4.40832408801002	4.67865429490148	5.87795169765098	4.07050563205857	5.1724520559348	6.3736639388311	4.9759471797184	4.355370588221	4.86298567940762	5.21760116044941	0	5.88605099198801	0	4.58250684899484	0	5.15486017565096	5.08496466739514	0	0	0	4.70043971814109	0	4.5131155667499	4.23541380106935	3.92909724558175	0	3.37503943134692	0	3.73513629220372	0	5.41007160194786	3.71693962683539	4.60428576389503	0	0	0	0	0	3.32469047853192	0	0	0	0	0	0	0	0	0	0	0	0	0	0	0	0	0	0	0	0	2.7795911493566	0	0	0
"k__Bacteria|p__Proteobacteria|c__Gammaproteobacteria|o__Oceanospirillales|f__SS1-B-06-26|g__NA|s__hex_58"	4.66264900272055	0	0	0	0	0	0	0	0	5.48102349389669	0	0	0	0	0	6.32928596101261	3.5384722384777	0	0	0	0	0	0	0	0	0	0	0	4.71010799612157	0	0	0	0	4.37864896392125	3.6255224140106	0	0	0	0	0	0	4.64688141347597	0	0	0	0	0	0	0	3.42598278557369	0	3.39890558087674	0	0	0	0	0	0	0	0	0	0	0	0	0	0	0	0	0	0	0	0
"k__Bacteria|p__Proteobacteria|c__Alphaproteobacteria|o__Caulobacterales|f__Hyphomonadaceae|g__Oceanicaulis|s__hex_99"	6.28215405241728	5.48734643107691	0	5.59715592363196	4.89183349338728	6.23364837711363	5.5463298411181	5.25214820223439	4.70648470746327	3.4039036411484	5.21315905675081	5.43555611453337	0	5.05563230698123	5.23737877480998	5.74501082272223	4.00398424732897	0	0	4.87632318996028	0	4.97312249126964	4.58250684899484	0	5.56678142884747	0	3.82647864510849	4.64176164097039	0	0	5.56648906267232	0	0	0	0	4.22560913401999	3.36865480438117	4.54004771524443	3.26942264378045	0	0	0	0	0	0	0	0	0	2.88338674989742	0	4.89103183311747	0	0	0	0	4.52857131887076	3.06644214337474	0	0	0	0	0	0	0	0	0	2.6154645891185	0	0	0	0	0
"k__Bacteria|p__Proteobacteria|c__Gammaproteobacteria|o__Alteromonadales|f__Alteromonadaceae|g__unclassified_Alteromonadaceae|s__hex_119"	0	0	0	0	0	0	0	0	0	0	0	0	0	2.38061133341085	0	0	0	0	0	0	0	0	0	0	0	6.18516694372603	0	0	0	0	0	0	0	0	0	0	0	0	0	0	0	0	0	5.29548851740972	0	0	4.87574157490298	0	0	4.15435010906423	0	4.97974127696684	0	4.39590666468701	4.23616819606881	0	0	0	0	0	0	0	0	4.2448594455727	0	0	0	0	0	0	0	0
"k__Bacteria|p__Proteobacteria|c__Alphaproteobacteria|o__Rhizobiales|f__Devosiaceae|g__Devosia|s__hex_137"	0	0	0	0	0	0	0	0	0	0	0	0	0	0	5.12508506527041	0	0	0	0	0	0	0	0	0	0	0	0	0	0	0	0	0	0	0	0	0	0	0	0	0	2.14626135212048	0	5.51314945831437	0	0	0	0	0	0	0	0	0	0	0	6.06534791073331	0	0	0	0	0	0	0	0	0	0	0	0	0	0	0	0	0
"k__Bacteria|p__Proteobacteria|c__Gammaproteobacteria|o__Alteromonadales|f__Marinobacteraceae|g__Marinobacter|s__hex_152"	5.25292583961287	0	0	5.84036997928557	0	5.29731444742805	0	0	0	0	0	0	0	5.38104838864647	0	0	0	0	0	0	0	0	0	4.61159385779997	0	0	0	0	0	0	0	0	0	0	0	0	0	0	0	0	0	0	0	0	0	0	0	0	0	0	0	0	0	0	0	0	0	0	0	0	0	0	0	0	0	0	0	0	0	0	0	0
"k__Bacteria|p__Proteobacteria|c__Alphaproteobacteria|o__Caulobacterales|f__Hyphomonadaceae|g__unclassified_Hyphomonadaceae|s__hex_153"	5.51772734950385	5.83643799023116	0	0	0	0	0	0	0	0	0	0	0	0	5.00330747619188	0	0	0	0	0	0	0	4.23703919730085	0	0	0	0	0	0	0	0	0	0	2.03353203641948	0	0	0	0	0	0	0	0	0	0	0	0	0	0	0	0	0	0	0	3.40466275238179	0	0	0	0	0	0	0	0	0	0	0	0	0	2.74087458254033	0	0	0	0
"k__Bacteria|p__Proteobacteria|c__Alphaproteobacteria|o__Rhodobacterales|f__Rhodobacteraceae|g__unclassified_Rhodobacteraceae|s__hex_121"	0	5.17343606436019	0	0	0	0	0	0	0	0	0	0	0	0	0	0	0	5.54048100619743	0	0	0	5.50603203149944	0	0	0	0	0	5.5738629879989	0	0	0	5.16729761947249	0	0	0	0	0	0	0	0	0	0	0	5.8065155114091	0	4.77562319489526	0	0	0	3.38014270883266	0	0	2.23801399128448	0	3.05823149731571	0	0	0	0	4.41734028514826	0	0	0	0	0	0	0	0	0	0	2.79429529310566	0
"k__Bacteria|p__unclassified_Bacteria|c__NA|o__NA|f__NA|g__NA|s__hex_161"	4.24227751889136	0	0	0	0	0	4.10937415056614	0	0	0	0	0	0	0	0	0	0	3.54336159625438	0	0	0	0	5.14725685126688	0	0	0	3.96827646076126	0	4.20808937286318	0	0	0	0	0	0	5.54946381949977	0	0	0	0	0	0	0	0	0	0	0	0	0	0	0	0	0	0	0	0	0	0	0	0	0	0	0	0	0	0	0	0	0	0	0	0
"k__Bacteria|p__Proteobacteria|c__Gammaproteobacteria|o__Oceanospirillales|f__SS1-B-06-26|g__NA|s__hex_69"	0	0	0	0	0	0	0	4.39644589902832	0	0	0	4.19031897408886	0	0	0	5.50211828254038	0	0	4.80552777025145	0	0	0	0	0	0	0	0	2.90239854722312	0	0	0	0	0	0	0	0	0	0	0	0	0	3.96136953564996	0	0	0	0	0	0	0	0	0	0	0	0	0	0	0	0	0	0	0	0	0	0	0	0	0	0	0	0	0	0
"k__Bacteria|p__Bacteroidetes|c__Bacteroidia|o__Cytophagales|f__Cyclobacteriaceae|g__unclassified_Cyclobacteriaceae|s__hex_151"	4.92834302363601	0	0	0	0	0	4.54582777219328	0	0	0	0	0	3.61902343217008	0	0	0	0	5.04337706253742	0	0	0	0	5.14725685126688	0	0	0	2.92474726018956	0	3.52224542817169	3.4594316186373	0	0	0	0	0	0	0	0	2.47910007075696	0	0	0	0	0	0	0	0	0	3.06353003860552	0	0	0	0	0	0	0	0	0	0	0	0	0	5.34869112074396	0	0	0	0	0	0	0	0	0
"k__Bacteria|p__Proteobacteria|c__Gammaproteobacteria|o__Oceanospirillales|f__Alcanivoracaceae|g__Alcanivorax|s__hex_49"	0	0	0	0	0	4.0504026361359	3.92862067890381	0	0	0	0	0	0	0	0	0	0	0	0	0	0	3.79342743259611	0	0	0	0	3.66920955446224	0	0	0	0	0	2.52512738860571	0	0	0	0	0	4.95395969439197	0	0	5.30851151006173	0	0	3.92558017844757	0	0	0	0	0	0	0	0	3.62455885242151	0	0	0	0	0	0	0	0	0	0	0	0	0	0	0	0	0	0
"k__Bacteria|p__Proteobacteria|c__Alphaproteobacteria|o__Rhodobacterales|f__Rhodobacteraceae|g__unclassified_Rhodobacteraceae|s__hex_150"	0	0	0	0	0	0	0	0	0	0	0	0	0	0	0	0	0	0	0	0	0	0	0	0	0	0	0	0	0	0	0	0	0	0	0	0	0	0	0	0	0	0	0	5.29548851740972	0	0	0	0	0	0	0	0	0	0	0	0	2.56511768932428	0	0	3.65322854896894	0	0	0	0	0	0	0	0	0	0	0	0
"k__Bacteria|p__Proteobacteria|c__Gammaproteobacteria|o__Cellvibrionales|f__Spongiibacteraceae|g__Zhongshania|s__hex_63"	0	0	0	4.34050952062909	3.87393150097648	0	4.34404325626872	4.32604626466318	3.43633876798978	0	0	4.49635491943188	0	0	0	5.17343606436019	0	0	3.35684699434067	0	0	0	0	4.93628182058856	0	0	2.431784574116	0	0	0	0	0	0	0	0	0	0	0	0	0	0	0	0	0	0	0	0	0	0	3.67408839119414	0	3.26202006093064	0	0	0	0	0	0	2.08516738326268	0	0	0	0	0	0	0	2.6154645891185	0	0	0	0	0
"k__Bacteria|p__Proteobacteria|c__Gammaproteobacteria|o__Alteromonadales|f__Marinobacteraceae|g__Marinobacter|s__hex_154"	5.09974347317147	0	0	5.07007123836505	0	4.7087225233062	0	0	0	4.73113464926996	0	4.25694030489426	0	0	0	0	0	0	0	0	0	0	0	0	0	0	0	0	0	0	0	0	0	0	0	0	0	0	0	0	0	0	0	0	2.05470060011711	0	0	0	0	0	0	0	0	0	0	0	0	0	0	0	0	0	0	0	0	0	0	0	0	0	0	0
"k__Bacteria|p__Proteobacteria|c__Gammaproteobacteria|o__Alteromonadales|f__Marinobacteraceae|g__Marinobacter|s__hex_216"	0	0	0	0	4.12047160335188	0	0	5.00419933126344	0	0	0	0	0	0	0	0	0	0	0	0	0	0	0	0	0	0	0	0	0	0	0	0	0	0	0	0	0	0	0	0	0	0	0	0	0	0	0	0	0	0	0	0	0	0	0	0	0	0	0	0	0	0	0	0	0	0	0	0	0	0	0	0
"k__Bacteria|p__Proteobacteria|c__Gammaproteobacteria|o__Cellvibrionales|f__Spongiibacteraceae|g__Zhongshania|s__hex_78"	0	0	0	0	0	0	0	0	0	4.99475706628016	0	0	0	0	0	4.41372558908999	0	0	0	0	0	0	0	0	0	0	0	0	0	0	0	0	0	0	0	0	0	0	0	0	0	0	0	0	0	0	0	0	0	0	0	0	0	0	0	0	0	0	0	0	0	0	0	0	0	0	0	0	0	0	0	0
"k__Bacteria|p__Proteobacteria|c__Alphaproteobacteria|o__Sphingomonadales|f__Sphingomonadaceae|g__unclassified_Sphingomonadaceae|s__hex_155"	0	0	0	0	0	0	0	0	0	0	0	0	0	0	0	0	0	0	0	0	0	0	4.72847587133267	0	0	0	2.431784574116	0	0	0	0	0	0	0	0	0	0	0	0	0	0	0	0	0	2.64561487160355	0	3.18628397166547	3.02505943235522	0	0	0	0	2.98256045799961	2.25639825433602	2.06582841324218	0	0	0	0	0	0	0	0	2.2335868414942	0	0	0	0	0	1.42564225697931	0	0
"k__Bacteria|p__Proteobacteria|c__unclassified_Proteobacteria|o__NA|f__NA|g__NA|s__hex_158"	0	4.34328313494275	0	0	0	0	4.26998187985471	0	0	0	3.73391484030221	4.70163612164031	0	0	0	4.13918284429608	0	0	0	0	4.41608558871171	0	0	0	3.75118239190141	0	0	0	0	0	0	0	0	0	0	0	0	0	0	0	0	0	0	0	0	0	0	0	0	0	0	0	0	0	0	0	0	0	0	0	0	0	0	0	0	0	0	0	0	0	0	0
"k__Bacteria|p__Bacteroidetes|c__Bacteroidia|o__Cytophagales|f__unclassified_Cytophagales|g__NA|s__hex_180"	4.66264900272055	0	0	0	0	0	4.48165178347886	0	0	0	0	0	3.0594146586506	0	0	0	0	0	0	0	0	0	0	0	0	0	3.82647864510849	0	3.68796901885232	0	0	0	0	0	0	4.3037807481771	0	0	3.02102441109121	0	0	0	0	0	0	0	0	0	0	0	0	0	0	0	0	0	0	0	0	0	0	0	0	0	0	0	0	0	0	0	0	0
"k__Bacteria|p__Proteobacteria|c__Alphaproteobacteria|o__Sphingomonadales|f__Sphingomonadaceae|g__unclassified_Sphingomonadaceae|s__hex_143"	3.31656112619567	0	0	0	0	0	0	0	0	0	0	0	0	0	0	0	0	0	0	0	0	0	4.42008911846206	0	0	0	1.30170555369046	0	0	0	0	0	0	0	0	0	0	0	0	0	0	0	0	0	3.71067246544846	0	4.31514191595859	3.82303089238928	0	0	0	0	3.57129850904499	2.42201709371658	2.60852281269557	0	0	0	0	0	0	0	0	2.6711520497246	0	0	0	0	0	1.61404216603577	0	0
"k__Bacteria|p__Proteobacteria|c__Alphaproteobacteria|o__Rhodobacterales|f__Rhodobacteraceae|g__unclassified_Rhodobacteraceae|s__hex_136"	0	0	0	4.23095443483987	0	0	0	3.32582981170472	0	3.4039036411484	0	3.96973228542488	0	0	0	0	3.42418487270532	0	0	3.74763016891681	0	0	0	0	0	0	0	3.02225280684713	3.90554479789816	0	0	0	0	0	2.86813305200875	0	0	0	0	0	0	0	0	0	0	0	0	0	0	2.67313831210752	0	2.06442976149204	2.15443362948449	0	0	0	2.35003343256772	0	0	0	0	0	0	1.51172557597232	0	0	2.37734706376021	0	0	0	0	0
"k__Bacteria|p__Proteobacteria|c__Alphaproteobacteria|o__Rhizobiales|f__Stappiaceae|g__Labrenzia|s__hex_193"	0	0	0	0	0	0	0	0	0	0	0	0	0	0	0	0	0	0	0	0	0	0	0	0	0	0	0	0	0	0	0	0	0	0	0	0	0	0	0	0	0	0	0	0	0	0	0	0	0	0	0	0	0	3.1451159555877	0	3.40599235967584	0	0	0	0	0	0	0	0	1.64538185853318	0	0	0	0	0	0	0
"k__Bacteria|p__Proteobacteria|c__Gammaproteobacteria|o__Alteromonadales|f__Pseudoalteromonadaceae|g__Pseudoalteromonas|s__hex_6"	0	0	0	0	0	0	0	0	0	0	0	0	0	0	0	0	0	0	0	0	0	0	0	0	0	0	0	0	0	0	0	0	0	0	0	0	0	0	0	0	0	0	0	2.98583266807341	0	0	0	0	0	0	0	0	0	0	0	0	0	0	0	0	0	0	0	0	0	0	0	0	0	0	2.29163417257376	0
"k__Bacteria|p__Bacteroidetes|c__Bacteroidia|o__Flavobacteriales|f__Flavobacteriaceae|g__Croceibacter|s__hex_15"	0	0	0	0	0	0	0	0	0	0	0	0	0	0	0	0	0	0	0	2.5314784083941	0	0	0	0	0	0	0	0	0	0	0	0	0	0	0	0	0	0	0	0	0	0	0	0	0	0	0	0	0	0	0	0	0	0	2.36254453750007	0	0	0	0	0	0	0	0	0	0	0	0	0	0	0	0	0
"k__Bacteria|p__Bacteroidetes|c__Bacteroidia|o__Flavobacteriales|f__Flavobacteriaceae|g__Croceibacter|s__hex_11"	0	0	0	0	0	0	0	0	0	0	0	0	0	0	0	0	0	0	0	0	0	0	0	0	0	0	0	0	0	0	0	0	0	0	0	0	0	0	0	0	0	0	0	0	0	0	2.51766274326348	0	0	0	0	0	0	0	0	0	0	2.27244656375834	0	0	0	0	0	0	0	0	0	0	0	0	0	0
"k__Bacteria|p__Actinobacteria|c__Actinobacteria|o__Corynebacteriales|f__Mycobacteriaceae|g__Mycobacterium|s__hex_144"	0	0	0	0	0	0	0	0	0	0	0	0	0	0	0	0	0	0	0	0	0	0	0	0	0	0	0	0	0	0	0	0	0	0	0	0	0	0	0	0	0	0	0	0	0	0	0	0	0	0	0	0	0	0	0	0	0	0	0	0	0	0	0	1.68787176379708	0	0	0	0	0	0	0	0
"k__Bacteria|p__Proteobacteria|c__Gammaproteobacteria|o__Alteromonadales|f__Alteromonadaceae|g__unclassified_Alteromonadaceae|s__hex_106"	0	0	0	0	0	0	0	0	0	0	0	0	0	0	0	0	0	0	0	0	0	0	0	0	0	0	0	0	0	0	0	0	0	0	0	0	0	0	0	0	0	0	0	0	0	0	0	0	0	0	0	0	0	0	0	0	0	0	0	0	0	0	0	0	0	0	0	0	0	0	0	0
"k__Bacteria|p__Proteobacteria|c__Gammaproteobacteria|o__Betaproteobacteriales|f__Burkholderiaceae|g__Pusillimonas|s__hex_214"	0	0	0	0	0	0	0	0	0	0	0	0	0	0	0	0	0	0	0	0	0	0	0	0	0	0	0	0	0	0	0	0	0	0	0	0	0	0	0	0	0	0	0	0	0	0	0	0	0	0	0	0	0	0	0	0	0	0	0	0	0	0	0	0	0	0	0	0	0	0	0	0
"k__Bacteria|p__Proteobacteria|c__Gammaproteobacteria|o__Alteromonadales|f__Marinobacteraceae|g__Marinobacter|s__hex_43"	0	0	0	0	0	0	0	0	0	0	0	0	0	0	0	0	0	0	0	0	0	0	0	0	0	0	0	0	0	0	0	0	0	0	0	0	0	0	0	0	0	0	0	0	0	0	0	0	0	0	0	0	0	0	0	0	0	0	0	0	0	0	0	0	0	0	0	0	0	0	0	0
"k__Bacteria|p__Proteobacteria|c__Gammaproteobacteria|o__Alteromonadales|f__Marinobacteraceae|g__Marinobacter|s__hex_45"	0	0	0	0	0	0	0	0	0	0	0	0	0	0	0	0	0	0	0	0	0	0	0	0	0	0	0	0	0	0	0	0	0	0	0	0	0	0	0	0	0	0	0	0	0	0	0	0	0	0	0	0	0	0	0	0	0	0	0	0	0	0	0	0	0	0	0	0	0	0	0	0
"k__Bacteria|p__Proteobacteria|c__Gammaproteobacteria|o__Alteromonadales|f__Marinobacteraceae|g__Marinobacter|s__hex_48"	0	0	0	0	0	0	0	0	0	0	0	0	0	0	0	0	0	0	0	0	0	0	0	0	0	0	0	0	0	0	0	0	0	0	0	0	0	0	0	0	0	0	0	0	0	0	0	0	0	0	0	0	0	0	0	0	0	0	0	0	0	0	0	0	0	0	0	0	0	0	0	0
"k__Bacteria|p__Proteobacteria|c__Gammaproteobacteria|o__Alteromonadales|f__Alteromonadaceae|g__unclassified_Alteromonadaceae|s__hex_92"	0	0	0	0	0	0	0	0	0	0	0	0	0	0	0	0	0	0	0	0	0	0	0	0	0	0	0	0	0	0	0	0	0	0	0	0	0	0	0	0	0	0	0	0	0	0	0	0	0	0	0	0	0	0	0	0	0	0	0	0	0	0	0	0	0	0	0	0	0	0	0	0
